ID,firstName,lastName,gender,age,createdAt,createdBy,modifiedAt,modifiedBy,votingSection_ID,votedCanditade_ID
1,Dan,Ilie,Male,30,2023-07-11T15:01:55+0000,Admin,2023-07-11T15:01:55+0000,Admin,101,4E
2,Alexandru,Nistor,Male,40,2023-03-14T07:01:37+0000,Admin,2023-03-14T07:01:37+0000,Admin,103,4E
3,Ion,Preda,Male,32,2023-01-09T02:24:48+0000,Admin,2023-01-09T02:24:48+0000,Admin,105,1N
4,Florin,Preda,Male,20,2023-08-08T08:15:58+0000,Admin,2023-08-08T08:15:58+0000,Admin,103,1N
5,Mihaela,Marian,Female,26,2023-07-04T09:15:04+0000,Admin,2023-07-04T09:15:04+0000,Admin,102,2C
6,Andreea,Nistor,Female,31,2023-06-09T17:51:46+0000,Admin,2023-06-09T17:51:46+0000,Admin,105,2C
7,Dan,Dumitru,Male,37,2023-04-11T10:02:59+0000,Admin,2023-04-11T10:02:59+0000,Admin,102,4E
8,Alin,Stan,Male,22,2023-05-04T10:12:23+0000,Admin,2023-05-04T10:12:23+0000,Admin,104,3V
9,Stefan,Marian,Male,41,2023-04-20T19:59:02+0000,Admin,2023-04-20T19:59:02+0000,Admin,104,4E
10,George,Ionescu,Male,32,2023-09-17T18:34:32+0000,Admin,2023-09-17T18:34:32+0000,Admin,104,2C
11,Elena,Stan,Female,32,2023-04-24T17:45:35+0000,Admin,2023-04-24T17:45:35+0000,Admin,105,4E
12,Andrei,Dumitru,Male,65,2023-10-07T00:36:51+0000,Admin,2023-10-07T00:36:51+0000,Admin,103,4E
13,Mihaela,Matei,Female,47,2023-04-21T13:10:34+0000,Admin,2023-04-21T13:10:34+0000,Admin,103,1N
14,George,Nistor,Male,88,2023-02-16T15:40:06+0000,Admin,2023-02-16T15:40:06+0000,Admin,103,3V
15,Ion,Stan,Male,67,2023-09-16T07:51:44+0000,Admin,2023-09-16T07:51:44+0000,Admin,101,3V
16,Radu,Ilie,Male,62,2023-09-14T17:30:25+0000,Admin,2023-09-14T17:30:25+0000,Admin,103,4E
17,Mihai,Ionescu,Male,44,2023-07-29T12:55:10+0000,Admin,2023-07-29T12:55:10+0000,Admin,104,2C
18,Elena,Matei,Female,23,2023-06-14T05:14:42+0000,Admin,2023-06-14T05:14:42+0000,Admin,105,4E
19,Carmen,Nistor,Female,35,2023-01-27T03:11:30+0000,Admin,2023-01-27T03:11:30+0000,Admin,103,4E
20,Andrei,Marian,Male,54,2023-10-25T10:45:41+0000,Admin,2023-10-25T10:45:41+0000,Admin,104,2C
21,Bianca,Popescu,Female,45,2023-07-24T15:49:25+0000,Admin,2023-07-24T15:49:25+0000,Admin,105,3V
22,Gabriela,Popescu,Female,79,2023-02-06T12:22:17+0000,Admin,2023-02-06T12:22:17+0000,Admin,104,4E
23,Ana,Preda,Female,54,2023-03-31T08:05:10+0000,Admin,2023-03-31T08:05:10+0000,Admin,104,2C
24,George,Nistor,Male,22,2023-01-22T15:16:44+0000,Admin,2023-01-22T15:16:44+0000,Admin,101,2C
25,Gabriela,Ionescu,Female,52,2023-05-25T19:17:47+0000,Admin,2023-05-25T19:17:47+0000,Admin,102,1N
26,George,Preda,Male,76,2023-10-24T18:05:08+0000,Admin,2023-10-24T18:05:08+0000,Admin,103,1N
27,Ana,Marian,Female,78,2023-03-02T22:29:00+0000,Admin,2023-03-02T22:29:00+0000,Admin,105,1N
28,Andreea,Nistor,Female,19,2023-01-02T23:54:37+0000,Admin,2023-01-02T23:54:37+0000,Admin,101,3V
29,Ana,Dumitru,Female,26,2023-05-09T23:38:29+0000,Admin,2023-05-09T23:38:29+0000,Admin,102,3V
30,Roxana,Preda,Female,70,2023-09-01T13:06:42+0000,Admin,2023-09-01T13:06:42+0000,Admin,101,3V
31,Mihaela,Stan,Female,20,2023-02-28T04:36:28+0000,Admin,2023-02-28T04:36:28+0000,Admin,104,4E
32,Andreea,Ionescu,Female,87,2023-05-02T02:03:53+0000,Admin,2023-05-02T02:03:53+0000,Admin,101,1N
33,George,Ionescu,Male,52,2023-06-04T01:59:01+0000,Admin,2023-06-04T01:59:01+0000,Admin,105,4E
34,Gabriela,Preda,Female,63,2023-02-27T14:33:40+0000,Admin,2023-02-27T14:33:40+0000,Admin,102,4E
35,Bianca,Ilie,Female,32,2023-07-12T13:16:16+0000,Admin,2023-07-12T13:16:16+0000,Admin,101,1N
36,Mihai,Ilie,Male,66,2023-09-28T22:06:20+0000,Admin,2023-09-28T22:06:20+0000,Admin,105,2C
37,Elena,Popescu,Female,50,2023-03-26T14:29:02+0000,Admin,2023-03-26T14:29:02+0000,Admin,101,3V
38,George,Matei,Male,55,2023-05-05T16:15:25+0000,Admin,2023-05-05T16:15:25+0000,Admin,101,2C
39,Mihaela,Matei,Female,27,2023-06-09T07:46:34+0000,Admin,2023-06-09T07:46:34+0000,Admin,104,4E
40,Roxana,Georgescu,Female,50,2023-05-01T06:21:54+0000,Admin,2023-05-01T06:21:54+0000,Admin,104,2C
41,Mihaela,Marian,Female,36,2023-07-04T17:29:59+0000,Admin,2023-07-04T17:29:59+0000,Admin,105,3V
42,Ioana,Stan,Female,52,2023-07-28T10:36:52+0000,Admin,2023-07-28T10:36:52+0000,Admin,101,2C
43,Andreea,Stan,Female,47,2023-07-06T16:42:23+0000,Admin,2023-07-06T16:42:23+0000,Admin,101,3V
44,Roxana,Popescu,Female,42,2023-12-08T23:30:05+0000,Admin,2023-12-08T23:30:05+0000,Admin,103,3V
45,Andreea,Preda,Female,33,2023-12-19T14:53:42+0000,Admin,2023-12-19T14:53:42+0000,Admin,105,4E
46,Gabriela,Stan,Female,50,2023-09-21T11:08:13+0000,Admin,2023-09-21T11:08:13+0000,Admin,104,1N
47,Roxana,Stan,Female,70,2023-06-18T04:00:30+0000,Admin,2023-06-18T04:00:30+0000,Admin,103,1N
48,Bianca,Marian,Female,74,2023-06-08T01:48:26+0000,Admin,2023-06-08T01:48:26+0000,Admin,105,4E
49,Dan,Ilie,Male,41,2023-08-01T03:33:06+0000,Admin,2023-08-01T03:33:06+0000,Admin,102,3V
50,Andreea,Ilie,Female,25,2023-12-02T11:49:56+0000,Admin,2023-12-02T11:49:56+0000,Admin,101,3V
51,George,Popescu,Male,35,2023-08-03T10:13:43+0000,Admin,2023-08-03T10:13:43+0000,Admin,102,4E
52,Alexandru,Dumitru,Male,29,2023-06-21T07:52:08+0000,Admin,2023-06-21T07:52:08+0000,Admin,104,2C
53,George,Georgescu,Male,83,2023-04-01T19:57:53+0000,Admin,2023-04-01T19:57:53+0000,Admin,102,1N
54,Ana,Dumitru,Female,42,2023-10-09T08:00:39+0000,Admin,2023-10-09T08:00:39+0000,Admin,101,1N
55,Mihai,Ionescu,Male,46,2023-03-07T02:12:38+0000,Admin,2023-03-07T02:12:38+0000,Admin,105,4E
56,Bianca,Dumitru,Female,88,2023-07-31T05:54:25+0000,Admin,2023-07-31T05:54:25+0000,Admin,103,3V
57,Florin,Ionescu,Male,67,2023-08-09T02:25:37+0000,Admin,2023-08-09T02:25:37+0000,Admin,103,1N
58,Dan,Georgescu,Male,23,2023-01-11T00:04:32+0000,Admin,2023-01-11T00:04:32+0000,Admin,102,1N
59,Mihaela,Ilie,Female,72,2023-11-21T11:48:41+0000,Admin,2023-11-21T11:48:41+0000,Admin,105,2C
60,Andreea,Preda,Female,75,2023-06-20T16:40:05+0000,Admin,2023-06-20T16:40:05+0000,Admin,102,3V
61,Mihaela,Dumitru,Female,77,2023-12-26T12:28:35+0000,Admin,2023-12-26T12:28:35+0000,Admin,103,3V
62,Maria,Ionescu,Female,32,2023-04-26T19:05:37+0000,Admin,2023-04-26T19:05:37+0000,Admin,103,3V
63,Bianca,Marian,Female,41,2023-05-04T00:12:49+0000,Admin,2023-05-04T00:12:49+0000,Admin,105,2C
64,Radu,Ilie,Male,24,2023-12-05T10:26:22+0000,Admin,2023-12-05T10:26:22+0000,Admin,104,3V
65,Stefan,Ilie,Male,25,2023-11-01T13:03:34+0000,Admin,2023-11-01T13:03:34+0000,Admin,105,2C
66,Maria,Georgescu,Female,73,2023-04-27T02:43:24+0000,Admin,2023-04-27T02:43:24+0000,Admin,102,2C
67,Dan,Marian,Male,40,2023-01-13T08:50:46+0000,Admin,2023-01-13T08:50:46+0000,Admin,103,1N
68,Alin,Nistor,Male,61,2023-05-08T21:12:02+0000,Admin,2023-05-08T21:12:02+0000,Admin,102,4E
69,Mihaela,Ionescu,Female,79,2023-04-09T02:03:17+0000,Admin,2023-04-09T02:03:17+0000,Admin,103,3V
70,Dan,Nistor,Male,65,2023-04-20T07:15:55+0000,Admin,2023-04-20T07:15:55+0000,Admin,102,3V
71,Ion,Ilie,Male,27,2023-10-09T00:43:00+0000,Admin,2023-10-09T00:43:00+0000,Admin,102,4E
72,Gabriela,Dumitru,Female,22,2023-04-04T02:02:10+0000,Admin,2023-04-04T02:02:10+0000,Admin,104,2C
73,George,Georgescu,Male,72,2023-05-24T18:18:24+0000,Admin,2023-05-24T18:18:24+0000,Admin,102,1N
74,Andrei,Stan,Male,57,2023-06-18T16:13:06+0000,Admin,2023-06-18T16:13:06+0000,Admin,103,4E
75,Roxana,Georgescu,Female,33,2023-11-01T16:09:23+0000,Admin,2023-11-01T16:09:23+0000,Admin,104,1N
76,Ioana,Stan,Female,28,2023-05-21T01:31:18+0000,Admin,2023-05-21T01:31:18+0000,Admin,103,1N
77,George,Ilie,Male,67,2023-08-06T09:43:48+0000,Admin,2023-08-06T09:43:48+0000,Admin,103,1N
78,Florin,Stan,Male,78,2023-11-27T01:24:07+0000,Admin,2023-11-27T01:24:07+0000,Admin,103,4E
79,Alin,Marian,Male,46,2023-08-06T12:23:35+0000,Admin,2023-08-06T12:23:35+0000,Admin,102,3V
80,Ion,Dumitru,Male,46,2023-06-10T15:49:11+0000,Admin,2023-06-10T15:49:11+0000,Admin,105,2C
81,Ion,Dumitru,Male,74,2023-07-30T06:41:18+0000,Admin,2023-07-30T06:41:18+0000,Admin,101,1N
82,Alexandru,Nistor,Male,24,2023-08-21T09:24:27+0000,Admin,2023-08-21T09:24:27+0000,Admin,102,2C
83,Alin,Dumitru,Male,18,2023-08-30T01:41:58+0000,Admin,2023-08-30T01:41:58+0000,Admin,104,4E
84,Roxana,Preda,Female,53,2023-02-27T20:55:41+0000,Admin,2023-02-27T20:55:41+0000,Admin,102,3V
85,Carmen,Popescu,Female,90,2023-05-08T06:15:44+0000,Admin,2023-05-08T06:15:44+0000,Admin,104,3V
86,Roxana,Stan,Female,38,2023-11-04T08:30:16+0000,Admin,2023-11-04T08:30:16+0000,Admin,103,4E
87,Ion,Georgescu,Male,40,2023-08-31T03:52:56+0000,Admin,2023-08-31T03:52:56+0000,Admin,105,1N
88,Alexandru,Ionescu,Male,24,2023-12-08T10:22:04+0000,Admin,2023-12-08T10:22:04+0000,Admin,103,4E
89,Dan,Nistor,Male,29,2023-10-18T11:20:57+0000,Admin,2023-10-18T11:20:57+0000,Admin,103,1N
90,Dan,Dumitru,Male,21,2023-08-01T15:13:01+0000,Admin,2023-08-01T15:13:01+0000,Admin,103,2C
91,George,Matei,Male,86,2023-03-25T00:32:29+0000,Admin,2023-03-25T00:32:29+0000,Admin,103,4E
92,Alexandru,Popescu,Male,80,2023-04-12T17:03:58+0000,Admin,2023-04-12T17:03:58+0000,Admin,103,3V
93,Radu,Preda,Male,48,2023-08-30T23:23:23+0000,Admin,2023-08-30T23:23:23+0000,Admin,104,2C
94,Andrei,Nistor,Male,56,2023-07-23T08:30:14+0000,Admin,2023-07-23T08:30:14+0000,Admin,104,1N
95,Andreea,Stan,Female,56,2023-01-06T05:44:58+0000,Admin,2023-01-06T05:44:58+0000,Admin,101,4E
96,Carmen,Ilie,Female,35,2023-05-26T17:23:40+0000,Admin,2023-05-26T17:23:40+0000,Admin,105,2C
97,Dan,Nistor,Male,77,2023-05-19T04:15:53+0000,Admin,2023-05-19T04:15:53+0000,Admin,103,1N
98,Ioana,Stan,Female,45,2023-03-01T11:46:27+0000,Admin,2023-03-01T11:46:27+0000,Admin,103,1N
99,Carmen,Ionescu,Female,65,2023-05-04T14:22:59+0000,Admin,2023-05-04T14:22:59+0000,Admin,101,3V
100,Mihaela,Preda,Female,81,2023-07-15T08:15:54+0000,Admin,2023-07-15T08:15:54+0000,Admin,103,4E
101,Mihaela,Marian,Female,45,2023-08-10T12:19:42+0000,Admin,2023-08-10T12:19:42+0000,Admin,102,3V
102,Stefan,Georgescu,Male,54,2023-01-05T02:08:56+0000,Admin,2023-01-05T02:08:56+0000,Admin,102,1N
103,Ioana,Preda,Female,24,2023-11-25T08:36:45+0000,Admin,2023-11-25T08:36:45+0000,Admin,103,4E
104,Elena,Ionescu,Female,73,2023-04-21T15:10:30+0000,Admin,2023-04-21T15:10:30+0000,Admin,102,4E
105,Stefan,Nistor,Male,35,2023-12-10T06:23:37+0000,Admin,2023-12-10T06:23:37+0000,Admin,101,1N
106,Florin,Georgescu,Male,59,2023-12-12T17:52:52+0000,Admin,2023-12-12T17:52:52+0000,Admin,103,2C
107,Carmen,Matei,Female,29,2023-03-14T22:23:50+0000,Admin,2023-03-14T22:23:50+0000,Admin,101,2C
108,Roxana,Dumitru,Female,43,2023-07-21T13:39:40+0000,Admin,2023-07-21T13:39:40+0000,Admin,105,3V
109,Alin,Stan,Male,33,2023-03-14T22:28:04+0000,Admin,2023-03-14T22:28:04+0000,Admin,105,2C
110,Alin,Dumitru,Male,28,2023-09-19T00:55:58+0000,Admin,2023-09-19T00:55:58+0000,Admin,102,1N
111,Alexandru,Marian,Male,34,2023-03-31T20:45:48+0000,Admin,2023-03-31T20:45:48+0000,Admin,101,4E
112,Andreea,Popescu,Female,87,2023-08-07T00:03:30+0000,Admin,2023-08-07T00:03:30+0000,Admin,101,3V
113,Alexandru,Nistor,Male,26,2023-05-22T12:03:29+0000,Admin,2023-05-22T12:03:29+0000,Admin,103,2C
114,Stefan,Preda,Male,60,2023-02-02T06:34:31+0000,Admin,2023-02-02T06:34:31+0000,Admin,104,3V
115,Bianca,Popescu,Female,41,2023-07-19T07:15:33+0000,Admin,2023-07-19T07:15:33+0000,Admin,105,1N
116,Ana,Nistor,Female,62,2023-03-07T12:43:56+0000,Admin,2023-03-07T12:43:56+0000,Admin,101,1N
117,Alexandru,Ionescu,Male,45,2023-07-31T05:46:16+0000,Admin,2023-07-31T05:46:16+0000,Admin,104,4E
118,Ion,Marian,Male,22,2023-05-28T04:56:55+0000,Admin,2023-05-28T04:56:55+0000,Admin,104,3V
119,Roxana,Stan,Female,44,2023-08-29T01:22:16+0000,Admin,2023-08-29T01:22:16+0000,Admin,103,4E
120,Bianca,Stan,Female,55,2023-02-25T20:34:16+0000,Admin,2023-02-25T20:34:16+0000,Admin,104,4E
121,Maria,Ionescu,Female,81,2023-05-20T08:11:34+0000,Admin,2023-05-20T08:11:34+0000,Admin,104,4E
122,Radu,Marian,Male,36,2023-03-30T08:26:18+0000,Admin,2023-03-30T08:26:18+0000,Admin,101,4E
123,Ana,Stan,Female,27,2023-03-08T19:33:25+0000,Admin,2023-03-08T19:33:25+0000,Admin,101,2C
124,Andreea,Marian,Female,21,2023-09-23T04:27:30+0000,Admin,2023-09-23T04:27:30+0000,Admin,103,2C
125,Alexandru,Ilie,Male,74,2023-06-24T08:43:51+0000,Admin,2023-06-24T08:43:51+0000,Admin,102,4E
126,Ana,Preda,Female,52,2023-02-06T10:23:33+0000,Admin,2023-02-06T10:23:33+0000,Admin,104,3V
127,Maria,Ilie,Female,81,2023-01-30T19:00:00+0000,Admin,2023-01-30T19:00:00+0000,Admin,104,4E
128,Mihaela,Stan,Female,57,2023-09-21T22:12:12+0000,Admin,2023-09-21T22:12:12+0000,Admin,105,1N
129,Mihaela,Ilie,Female,53,2023-06-07T10:25:35+0000,Admin,2023-06-07T10:25:35+0000,Admin,103,3V
130,Dan,Dumitru,Male,24,2023-04-27T01:21:07+0000,Admin,2023-04-27T01:21:07+0000,Admin,101,3V
131,Alin,Stan,Male,29,2023-11-15T18:24:15+0000,Admin,2023-11-15T18:24:15+0000,Admin,105,3V
132,George,Matei,Male,30,2023-06-24T15:23:44+0000,Admin,2023-06-24T15:23:44+0000,Admin,101,1N
133,Alexandru,Marian,Male,64,2023-09-11T04:59:39+0000,Admin,2023-09-11T04:59:39+0000,Admin,102,2C
134,Mihaela,Ilie,Female,60,2023-06-24T03:56:06+0000,Admin,2023-06-24T03:56:06+0000,Admin,102,1N
135,George,Nistor,Male,68,2023-10-21T16:37:16+0000,Admin,2023-10-21T16:37:16+0000,Admin,101,3V
136,Florin,Popescu,Male,85,2023-10-16T08:16:26+0000,Admin,2023-10-16T08:16:26+0000,Admin,105,2C
137,Ioana,Matei,Female,76,2023-12-20T21:26:57+0000,Admin,2023-12-20T21:26:57+0000,Admin,105,3V
138,Stefan,Dumitru,Male,42,2023-12-29T21:10:52+0000,Admin,2023-12-29T21:10:52+0000,Admin,103,2C
139,Dan,Popescu,Male,86,2023-02-02T11:29:59+0000,Admin,2023-02-02T11:29:59+0000,Admin,103,4E
140,Elena,Stan,Female,29,2023-01-17T17:07:33+0000,Admin,2023-01-17T17:07:33+0000,Admin,103,2C
141,Elena,Ilie,Female,58,2023-10-18T11:18:09+0000,Admin,2023-10-18T11:18:09+0000,Admin,102,3V
142,Ana,Ilie,Female,35,2023-04-28T09:29:23+0000,Admin,2023-04-28T09:29:23+0000,Admin,101,4E
143,Ana,Marian,Female,46,2023-06-15T18:00:56+0000,Admin,2023-06-15T18:00:56+0000,Admin,105,3V
144,Andrei,Stan,Male,87,2023-10-11T18:32:10+0000,Admin,2023-10-11T18:32:10+0000,Admin,103,3V
145,Elena,Preda,Female,30,2023-04-20T11:22:39+0000,Admin,2023-04-20T11:22:39+0000,Admin,104,3V
146,Florin,Matei,Male,81,2023-08-09T20:06:59+0000,Admin,2023-08-09T20:06:59+0000,Admin,101,2C
147,Ioana,Georgescu,Female,46,2023-06-04T08:50:12+0000,Admin,2023-06-04T08:50:12+0000,Admin,102,2C
148,Andreea,Dumitru,Female,27,2023-11-17T16:27:04+0000,Admin,2023-11-17T16:27:04+0000,Admin,102,1N
149,Bianca,Ilie,Female,60,2023-04-05T07:37:53+0000,Admin,2023-04-05T07:37:53+0000,Admin,103,3V
150,Dan,Preda,Male,52,2023-09-03T13:19:07+0000,Admin,2023-09-03T13:19:07+0000,Admin,104,4E
151,Alin,Ilie,Male,28,2023-06-03T16:19:02+0000,Admin,2023-06-03T16:19:02+0000,Admin,103,2C
152,Andrei,Georgescu,Male,78,2023-01-19T10:50:17+0000,Admin,2023-01-19T10:50:17+0000,Admin,101,3V
153,Ioana,Nistor,Female,81,2023-03-16T18:04:18+0000,Admin,2023-03-16T18:04:18+0000,Admin,102,4E
154,Bianca,Ionescu,Female,56,2023-09-17T05:27:58+0000,Admin,2023-09-17T05:27:58+0000,Admin,101,4E
155,George,Stan,Male,59,2023-03-21T10:49:28+0000,Admin,2023-03-21T10:49:28+0000,Admin,103,1N
156,Florin,Nistor,Male,76,2023-10-06T04:43:45+0000,Admin,2023-10-06T04:43:45+0000,Admin,102,2C
157,Alin,Stan,Male,60,2023-03-06T11:36:29+0000,Admin,2023-03-06T11:36:29+0000,Admin,101,4E
158,Mihai,Dumitru,Male,54,2023-03-29T08:48:29+0000,Admin,2023-03-29T08:48:29+0000,Admin,105,2C
159,Elena,Stan,Female,55,2023-05-21T03:01:36+0000,Admin,2023-05-21T03:01:36+0000,Admin,103,3V
160,Andrei,Popescu,Male,86,2023-03-12T14:23:21+0000,Admin,2023-03-12T14:23:21+0000,Admin,103,2C
161,George,Preda,Male,71,2023-05-04T05:13:14+0000,Admin,2023-05-04T05:13:14+0000,Admin,105,1N
162,Andreea,Marian,Female,74,2023-12-08T12:56:22+0000,Admin,2023-12-08T12:56:22+0000,Admin,103,4E
163,Stefan,Matei,Male,38,2023-02-03T09:39:52+0000,Admin,2023-02-03T09:39:52+0000,Admin,101,1N
164,Gabriela,Ionescu,Female,19,2023-12-18T09:31:31+0000,Admin,2023-12-18T09:31:31+0000,Admin,101,3V
165,Ana,Matei,Female,84,2023-10-30T05:27:44+0000,Admin,2023-10-30T05:27:44+0000,Admin,104,3V
166,Alexandru,Ionescu,Male,44,2023-05-17T09:38:34+0000,Admin,2023-05-17T09:38:34+0000,Admin,104,2C
167,Ioana,Dumitru,Female,84,2023-04-12T11:37:10+0000,Admin,2023-04-12T11:37:10+0000,Admin,104,3V
168,Alexandru,Preda,Male,42,2023-11-12T18:26:51+0000,Admin,2023-11-12T18:26:51+0000,Admin,105,1N
169,Roxana,Nistor,Female,37,2023-03-24T07:08:29+0000,Admin,2023-03-24T07:08:29+0000,Admin,103,1N
170,Carmen,Dumitru,Female,69,2023-09-04T06:30:28+0000,Admin,2023-09-04T06:30:28+0000,Admin,102,1N
171,Gabriela,Popescu,Female,90,2023-01-05T04:28:14+0000,Admin,2023-01-05T04:28:14+0000,Admin,103,2C
172,Alin,Dumitru,Male,59,2023-03-27T07:56:13+0000,Admin,2023-03-27T07:56:13+0000,Admin,103,4E
173,Alin,Popescu,Male,79,2023-05-01T15:43:45+0000,Admin,2023-05-01T15:43:45+0000,Admin,102,1N
174,Dan,Ionescu,Male,25,2023-02-17T21:11:25+0000,Admin,2023-02-17T21:11:25+0000,Admin,103,1N
175,Carmen,Matei,Female,27,2023-08-06T17:08:02+0000,Admin,2023-08-06T17:08:02+0000,Admin,104,2C
176,Mihai,Dumitru,Male,77,2023-07-17T16:35:09+0000,Admin,2023-07-17T16:35:09+0000,Admin,105,1N
177,Mihai,Ionescu,Male,45,2023-06-02T11:49:45+0000,Admin,2023-06-02T11:49:45+0000,Admin,102,4E
178,Mihaela,Popescu,Female,47,2023-11-12T04:21:29+0000,Admin,2023-11-12T04:21:29+0000,Admin,102,1N
179,Florin,Ilie,Male,83,2023-11-17T19:01:00+0000,Admin,2023-11-17T19:01:00+0000,Admin,103,2C
180,Andreea,Georgescu,Female,55,2023-02-06T03:43:35+0000,Admin,2023-02-06T03:43:35+0000,Admin,103,3V
181,Andrei,Nistor,Male,25,2023-05-20T05:14:39+0000,Admin,2023-05-20T05:14:39+0000,Admin,102,2C
182,Mihai,Ionescu,Male,85,2023-07-07T08:39:31+0000,Admin,2023-07-07T08:39:31+0000,Admin,105,1N
183,Maria,Stan,Female,44,2023-06-26T00:04:16+0000,Admin,2023-06-26T00:04:16+0000,Admin,101,2C
184,Roxana,Stan,Female,80,2023-05-04T00:07:09+0000,Admin,2023-05-04T00:07:09+0000,Admin,103,3V
185,Bianca,Ilie,Female,78,2023-10-02T03:50:01+0000,Admin,2023-10-02T03:50:01+0000,Admin,105,3V
186,Gabriela,Marian,Female,73,2023-07-13T07:50:46+0000,Admin,2023-07-13T07:50:46+0000,Admin,102,1N
187,Gabriela,Ilie,Female,22,2023-11-12T09:11:30+0000,Admin,2023-11-12T09:11:30+0000,Admin,104,3V
188,Bianca,Matei,Female,44,2023-06-26T09:19:18+0000,Admin,2023-06-26T09:19:18+0000,Admin,105,4E
189,Andreea,Marian,Female,43,2023-06-15T01:31:34+0000,Admin,2023-06-15T01:31:34+0000,Admin,104,1N
190,Andreea,Popescu,Female,44,2023-05-20T05:41:12+0000,Admin,2023-05-20T05:41:12+0000,Admin,102,2C
191,Gabriela,Matei,Female,42,2023-02-15T06:55:40+0000,Admin,2023-02-15T06:55:40+0000,Admin,104,1N
192,Alexandru,Georgescu,Male,77,2023-10-07T04:12:53+0000,Admin,2023-10-07T04:12:53+0000,Admin,105,2C
193,George,Marian,Male,63,2023-08-17T06:35:16+0000,Admin,2023-08-17T06:35:16+0000,Admin,103,3V
194,Elena,Nistor,Female,69,2023-12-27T05:43:08+0000,Admin,2023-12-27T05:43:08+0000,Admin,101,2C
195,Andreea,Nistor,Female,42,2023-08-15T02:08:52+0000,Admin,2023-08-15T02:08:52+0000,Admin,104,1N
196,Stefan,Nistor,Male,71,2023-01-30T18:18:43+0000,Admin,2023-01-30T18:18:43+0000,Admin,102,2C
197,Maria,Matei,Female,57,2023-12-08T03:19:30+0000,Admin,2023-12-08T03:19:30+0000,Admin,105,4E
198,Mihai,Preda,Male,52,2023-10-30T01:24:34+0000,Admin,2023-10-30T01:24:34+0000,Admin,101,4E
199,Andrei,Ilie,Male,71,2023-09-24T13:52:54+0000,Admin,2023-09-24T13:52:54+0000,Admin,103,2C
200,Andreea,Ionescu,Female,41,2023-02-07T16:38:06+0000,Admin,2023-02-07T16:38:06+0000,Admin,105,3V
201,Elena,Marian,Female,73,2023-07-14T10:01:43+0000,Admin,2023-07-14T10:01:43+0000,Admin,101,3V
202,Mihaela,Matei,Female,60,2023-03-23T02:20:31+0000,Admin,2023-03-23T02:20:31+0000,Admin,102,1N
203,Carmen,Stan,Female,23,2023-06-18T11:03:33+0000,Admin,2023-06-18T11:03:33+0000,Admin,103,2C
204,Alin,Marian,Male,18,2023-08-04T08:57:30+0000,Admin,2023-08-04T08:57:30+0000,Admin,103,4E
205,Radu,Preda,Male,18,2023-10-06T09:28:43+0000,Admin,2023-10-06T09:28:43+0000,Admin,102,3V
206,Carmen,Ionescu,Female,48,2023-09-27T07:35:56+0000,Admin,2023-09-27T07:35:56+0000,Admin,105,4E
207,Alexandru,Georgescu,Male,30,2023-04-24T07:04:32+0000,Admin,2023-04-24T07:04:32+0000,Admin,101,2C
208,Gabriela,Popescu,Female,61,2023-03-12T13:56:03+0000,Admin,2023-03-12T13:56:03+0000,Admin,101,4E
209,Ana,Preda,Female,40,2023-04-28T11:44:03+0000,Admin,2023-04-28T11:44:03+0000,Admin,103,1N
210,Alexandru,Dumitru,Male,32,2023-07-01T06:32:02+0000,Admin,2023-07-01T06:32:02+0000,Admin,102,1N
211,Alin,Matei,Male,81,2023-05-16T07:25:53+0000,Admin,2023-05-16T07:25:53+0000,Admin,105,1N
212,George,Preda,Male,54,2023-08-08T08:48:04+0000,Admin,2023-08-08T08:48:04+0000,Admin,101,1N
213,Ion,Popescu,Male,56,2023-06-22T14:47:30+0000,Admin,2023-06-22T14:47:30+0000,Admin,104,4E
214,Andrei,Georgescu,Male,79,2023-09-29T02:02:46+0000,Admin,2023-09-29T02:02:46+0000,Admin,105,1N
215,Ana,Marian,Female,59,2023-11-15T10:32:47+0000,Admin,2023-11-15T10:32:47+0000,Admin,102,3V
216,Florin,Marian,Male,22,2023-10-13T17:21:09+0000,Admin,2023-10-13T17:21:09+0000,Admin,104,4E
217,Gabriela,Marian,Female,86,2023-12-03T17:31:46+0000,Admin,2023-12-03T17:31:46+0000,Admin,105,4E
218,Mihai,Preda,Male,79,2023-07-05T17:26:55+0000,Admin,2023-07-05T17:26:55+0000,Admin,105,2C
219,Florin,Preda,Male,50,2023-09-12T04:35:04+0000,Admin,2023-09-12T04:35:04+0000,Admin,102,3V
220,Bianca,Nistor,Female,43,2023-05-05T22:31:44+0000,Admin,2023-05-05T22:31:44+0000,Admin,103,2C
221,Ioana,Ilie,Female,32,2023-04-11T20:32:41+0000,Admin,2023-04-11T20:32:41+0000,Admin,101,3V
222,Radu,Nistor,Male,43,2023-10-08T16:18:33+0000,Admin,2023-10-08T16:18:33+0000,Admin,102,3V
223,Ana,Stan,Female,35,2023-03-23T14:32:56+0000,Admin,2023-03-23T14:32:56+0000,Admin,104,2C
224,Roxana,Georgescu,Female,61,2023-10-11T03:10:18+0000,Admin,2023-10-11T03:10:18+0000,Admin,101,1N
225,George,Ionescu,Male,73,2023-01-12T06:50:04+0000,Admin,2023-01-12T06:50:04+0000,Admin,105,4E
226,Mihai,Preda,Male,37,2023-02-17T00:12:31+0000,Admin,2023-02-17T00:12:31+0000,Admin,105,1N
227,Mihaela,Dumitru,Female,82,2023-10-21T21:33:29+0000,Admin,2023-10-21T21:33:29+0000,Admin,104,4E
228,Andreea,Marian,Female,72,2023-02-02T23:38:42+0000,Admin,2023-02-02T23:38:42+0000,Admin,105,2C
229,Stefan,Nistor,Male,72,2023-03-11T16:29:40+0000,Admin,2023-03-11T16:29:40+0000,Admin,102,4E
230,George,Georgescu,Male,78,2023-01-24T20:43:26+0000,Admin,2023-01-24T20:43:26+0000,Admin,105,2C
231,Dan,Stan,Male,21,2023-09-04T23:37:39+0000,Admin,2023-09-04T23:37:39+0000,Admin,105,1N
232,Maria,Preda,Female,71,2023-10-20T12:45:30+0000,Admin,2023-10-20T12:45:30+0000,Admin,104,4E
233,Alin,Ilie,Male,39,2023-01-29T01:15:14+0000,Admin,2023-01-29T01:15:14+0000,Admin,103,4E
234,Mihaela,Dumitru,Female,78,2023-03-25T22:12:03+0000,Admin,2023-03-25T22:12:03+0000,Admin,103,3V
235,Dan,Georgescu,Male,27,2023-09-20T15:30:21+0000,Admin,2023-09-20T15:30:21+0000,Admin,101,2C
236,Bianca,Georgescu,Female,85,2023-06-15T06:27:51+0000,Admin,2023-06-15T06:27:51+0000,Admin,101,2C
237,Alexandru,Ionescu,Male,75,2023-08-23T04:29:57+0000,Admin,2023-08-23T04:29:57+0000,Admin,104,4E
238,George,Matei,Male,25,2023-08-08T00:58:24+0000,Admin,2023-08-08T00:58:24+0000,Admin,104,4E
239,Mihai,Marian,Male,39,2023-03-13T14:01:03+0000,Admin,2023-03-13T14:01:03+0000,Admin,103,1N
240,Ioana,Ionescu,Female,52,2023-10-24T14:24:59+0000,Admin,2023-10-24T14:24:59+0000,Admin,102,4E
241,Mihai,Ilie,Male,29,2023-09-25T00:45:25+0000,Admin,2023-09-25T00:45:25+0000,Admin,105,3V
242,George,Georgescu,Male,87,2023-09-12T01:07:21+0000,Admin,2023-09-12T01:07:21+0000,Admin,104,4E
243,Mihai,Preda,Male,58,2023-11-07T20:56:15+0000,Admin,2023-11-07T20:56:15+0000,Admin,102,3V
244,Ioana,Ionescu,Female,75,2023-04-03T02:59:49+0000,Admin,2023-04-03T02:59:49+0000,Admin,105,1N
245,George,Matei,Male,41,2023-10-24T19:35:40+0000,Admin,2023-10-24T19:35:40+0000,Admin,103,4E
246,George,Stan,Male,85,2023-07-25T04:52:22+0000,Admin,2023-07-25T04:52:22+0000,Admin,102,1N
247,Alexandru,Marian,Male,50,2023-04-18T15:10:11+0000,Admin,2023-04-18T15:10:11+0000,Admin,102,1N
248,Florin,Ilie,Male,50,2023-11-02T17:17:43+0000,Admin,2023-11-02T17:17:43+0000,Admin,104,2C
249,Dan,Stan,Male,51,2023-06-14T14:36:16+0000,Admin,2023-06-14T14:36:16+0000,Admin,104,3V
250,Bianca,Ionescu,Female,88,2023-06-01T08:49:24+0000,Admin,2023-06-01T08:49:24+0000,Admin,102,2C
251,Maria,Marian,Female,24,2023-10-13T06:52:52+0000,Admin,2023-10-13T06:52:52+0000,Admin,103,4E
252,Mihaela,Preda,Female,67,2023-11-22T23:19:37+0000,Admin,2023-11-22T23:19:37+0000,Admin,103,1N
253,Florin,Georgescu,Male,75,2023-04-16T00:43:11+0000,Admin,2023-04-16T00:43:11+0000,Admin,102,1N
254,Ion,Preda,Male,25,2023-12-22T14:29:33+0000,Admin,2023-12-22T14:29:33+0000,Admin,104,3V
255,George,Matei,Male,48,2023-10-01T20:24:40+0000,Admin,2023-10-01T20:24:40+0000,Admin,102,1N
256,Gabriela,Ionescu,Female,48,2023-03-22T14:38:07+0000,Admin,2023-03-22T14:38:07+0000,Admin,102,1N
257,Alexandru,Ilie,Male,76,2023-05-08T13:18:07+0000,Admin,2023-05-08T13:18:07+0000,Admin,104,2C
258,Florin,Marian,Male,73,2023-12-29T07:10:25+0000,Admin,2023-12-29T07:10:25+0000,Admin,102,2C
259,Ioana,Stan,Female,23,2023-01-22T17:10:09+0000,Admin,2023-01-22T17:10:09+0000,Admin,102,3V
260,Roxana,Preda,Female,40,2023-01-15T12:24:01+0000,Admin,2023-01-15T12:24:01+0000,Admin,103,4E
261,Ioana,Georgescu,Female,21,2023-05-07T08:27:54+0000,Admin,2023-05-07T08:27:54+0000,Admin,105,1N
262,Gabriela,Stan,Female,73,2023-02-20T18:15:22+0000,Admin,2023-02-20T18:15:22+0000,Admin,103,2C
263,Maria,Ionescu,Female,85,2023-09-17T03:34:12+0000,Admin,2023-09-17T03:34:12+0000,Admin,104,4E
264,Ana,Stan,Female,43,2023-09-23T02:58:56+0000,Admin,2023-09-23T02:58:56+0000,Admin,101,4E
265,Bianca,Georgescu,Female,79,2023-03-20T07:01:10+0000,Admin,2023-03-20T07:01:10+0000,Admin,101,2C
266,George,Georgescu,Male,52,2023-09-27T12:39:07+0000,Admin,2023-09-27T12:39:07+0000,Admin,105,2C
267,Elena,Marian,Female,60,2023-06-22T14:19:24+0000,Admin,2023-06-22T14:19:24+0000,Admin,105,2C
268,Alexandru,Dumitru,Male,32,2023-08-06T04:09:19+0000,Admin,2023-08-06T04:09:19+0000,Admin,105,3V
269,Alin,Marian,Male,57,2023-06-21T13:04:29+0000,Admin,2023-06-21T13:04:29+0000,Admin,103,2C
270,Carmen,Ilie,Female,88,2023-03-23T07:02:07+0000,Admin,2023-03-23T07:02:07+0000,Admin,103,4E
271,Ana,Ionescu,Female,81,2023-11-04T00:27:31+0000,Admin,2023-11-04T00:27:31+0000,Admin,102,4E
272,Florin,Ilie,Male,50,2023-09-10T13:23:15+0000,Admin,2023-09-10T13:23:15+0000,Admin,102,4E
273,George,Matei,Male,54,2023-01-29T00:44:53+0000,Admin,2023-01-29T00:44:53+0000,Admin,105,2C
274,Andreea,Nistor,Female,58,2023-09-07T00:09:21+0000,Admin,2023-09-07T00:09:21+0000,Admin,102,1N
275,Mihai,Popescu,Male,42,2023-04-20T12:26:26+0000,Admin,2023-04-20T12:26:26+0000,Admin,104,3V
276,Carmen,Dumitru,Female,54,2023-11-30T20:47:48+0000,Admin,2023-11-30T20:47:48+0000,Admin,104,3V
277,Ioana,Popescu,Female,40,2023-06-06T19:40:20+0000,Admin,2023-06-06T19:40:20+0000,Admin,104,3V
278,Elena,Nistor,Female,66,2023-05-29T12:44:55+0000,Admin,2023-05-29T12:44:55+0000,Admin,103,3V
279,Elena,Ionescu,Female,20,2023-06-08T14:12:24+0000,Admin,2023-06-08T14:12:24+0000,Admin,102,3V
280,Alin,Marian,Male,22,2023-11-29T04:15:16+0000,Admin,2023-11-29T04:15:16+0000,Admin,105,4E
281,Radu,Georgescu,Male,67,2023-09-07T08:32:26+0000,Admin,2023-09-07T08:32:26+0000,Admin,102,4E
282,Andreea,Stan,Female,77,2023-02-27T15:07:00+0000,Admin,2023-02-27T15:07:00+0000,Admin,101,1N
283,Mihaela,Ilie,Female,48,2023-10-13T01:54:34+0000,Admin,2023-10-13T01:54:34+0000,Admin,104,4E
284,Gabriela,Georgescu,Female,51,2023-10-16T03:13:11+0000,Admin,2023-10-16T03:13:11+0000,Admin,102,2C
285,Florin,Marian,Male,46,2023-02-11T20:33:49+0000,Admin,2023-02-11T20:33:49+0000,Admin,103,2C
286,Elena,Nistor,Female,82,2023-08-06T13:50:10+0000,Admin,2023-08-06T13:50:10+0000,Admin,105,1N
287,Ana,Marian,Female,51,2023-03-18T00:44:48+0000,Admin,2023-03-18T00:44:48+0000,Admin,104,1N
288,Gabriela,Ionescu,Female,60,2023-07-20T22:10:48+0000,Admin,2023-07-20T22:10:48+0000,Admin,102,3V
289,Andreea,Marian,Female,85,2023-05-12T11:31:35+0000,Admin,2023-05-12T11:31:35+0000,Admin,105,2C
290,Ioana,Georgescu,Female,55,2023-04-13T21:26:13+0000,Admin,2023-04-13T21:26:13+0000,Admin,104,3V
291,Alexandru,Ilie,Male,72,2023-07-17T22:24:17+0000,Admin,2023-07-17T22:24:17+0000,Admin,104,4E
292,Bianca,Ionescu,Female,85,2023-03-09T21:35:08+0000,Admin,2023-03-09T21:35:08+0000,Admin,104,1N
293,Ioana,Ionescu,Female,85,2023-08-07T04:30:08+0000,Admin,2023-08-07T04:30:08+0000,Admin,104,2C
294,Andrei,Marian,Male,67,2023-08-09T21:05:09+0000,Admin,2023-08-09T21:05:09+0000,Admin,104,2C
295,Alin,Popescu,Male,53,2023-08-06T22:03:19+0000,Admin,2023-08-06T22:03:19+0000,Admin,104,3V
296,Maria,Preda,Female,35,2023-11-14T23:19:37+0000,Admin,2023-11-14T23:19:37+0000,Admin,101,4E
297,Roxana,Ionescu,Female,26,2023-08-29T03:29:10+0000,Admin,2023-08-29T03:29:10+0000,Admin,105,2C
298,Stefan,Matei,Male,46,2023-01-30T23:33:32+0000,Admin,2023-01-30T23:33:32+0000,Admin,103,1N
299,Maria,Popescu,Female,44,2023-11-02T12:45:10+0000,Admin,2023-11-02T12:45:10+0000,Admin,105,2C
300,Mihaela,Ilie,Female,63,2023-04-19T13:54:24+0000,Admin,2023-04-19T13:54:24+0000,Admin,104,1N
301,Radu,Preda,Male,85,2023-03-31T08:07:21+0000,Admin,2023-03-31T08:07:21+0000,Admin,105,4E
302,Alexandru,Nistor,Male,46,2023-01-15T22:58:08+0000,Admin,2023-01-15T22:58:08+0000,Admin,103,1N
303,Bianca,Nistor,Female,23,2023-07-10T21:48:47+0000,Admin,2023-07-10T21:48:47+0000,Admin,104,2C
304,Radu,Nistor,Male,60,2023-04-28T23:29:26+0000,Admin,2023-04-28T23:29:26+0000,Admin,103,4E
305,Stefan,Nistor,Male,27,2023-02-19T00:08:58+0000,Admin,2023-02-19T00:08:58+0000,Admin,103,1N
306,Dan,Marian,Male,35,2023-07-11T20:13:03+0000,Admin,2023-07-11T20:13:03+0000,Admin,103,2C
307,Maria,Dumitru,Female,62,2023-09-11T11:36:54+0000,Admin,2023-09-11T11:36:54+0000,Admin,104,4E
308,Ion,Marian,Male,53,2023-12-10T03:01:30+0000,Admin,2023-12-10T03:01:30+0000,Admin,105,3V
309,Andreea,Dumitru,Female,87,2023-06-27T19:42:05+0000,Admin,2023-06-27T19:42:05+0000,Admin,103,1N
310,Andreea,Preda,Female,30,2023-03-06T10:32:05+0000,Admin,2023-03-06T10:32:05+0000,Admin,102,2C
311,George,Popescu,Male,23,2023-10-16T18:12:04+0000,Admin,2023-10-16T18:12:04+0000,Admin,104,4E
312,Andreea,Popescu,Female,34,2023-02-12T13:13:50+0000,Admin,2023-02-12T13:13:50+0000,Admin,105,1N
313,Alexandru,Nistor,Male,60,2023-02-28T18:16:25+0000,Admin,2023-02-28T18:16:25+0000,Admin,102,2C
314,Ioana,Stan,Female,76,2023-08-16T10:17:01+0000,Admin,2023-08-16T10:17:01+0000,Admin,104,1N
315,Maria,Marian,Female,51,2023-03-23T05:00:01+0000,Admin,2023-03-23T05:00:01+0000,Admin,102,4E
316,Elena,Nistor,Female,86,2023-11-20T02:53:25+0000,Admin,2023-11-20T02:53:25+0000,Admin,104,2C
317,Maria,Matei,Female,82,2023-04-30T16:20:16+0000,Admin,2023-04-30T16:20:16+0000,Admin,102,3V
318,Maria,Georgescu,Female,35,2023-04-02T13:22:16+0000,Admin,2023-04-02T13:22:16+0000,Admin,102,4E
319,George,Georgescu,Male,37,2023-10-12T14:53:30+0000,Admin,2023-10-12T14:53:30+0000,Admin,103,1N
320,Mihai,Nistor,Male,47,2023-01-18T15:35:51+0000,Admin,2023-01-18T15:35:51+0000,Admin,103,3V
321,Mihai,Popescu,Male,42,2023-05-05T06:57:09+0000,Admin,2023-05-05T06:57:09+0000,Admin,103,3V
322,Stefan,Dumitru,Male,50,2023-05-23T12:19:12+0000,Admin,2023-05-23T12:19:12+0000,Admin,103,1N
323,Ana,Popescu,Female,75,2023-01-20T19:31:28+0000,Admin,2023-01-20T19:31:28+0000,Admin,103,4E
324,Ion,Nistor,Male,51,2023-03-05T21:36:09+0000,Admin,2023-03-05T21:36:09+0000,Admin,102,2C
325,Alin,Matei,Male,21,2023-11-25T00:11:40+0000,Admin,2023-11-25T00:11:40+0000,Admin,103,4E
326,Ion,Popescu,Male,83,2023-03-12T15:03:19+0000,Admin,2023-03-12T15:03:19+0000,Admin,104,2C
327,Mihai,Dumitru,Male,53,2023-01-11T09:05:44+0000,Admin,2023-01-11T09:05:44+0000,Admin,101,3V
328,Maria,Popescu,Female,51,2023-04-22T15:57:23+0000,Admin,2023-04-22T15:57:23+0000,Admin,104,3V
329,George,Dumitru,Male,65,2023-10-27T04:17:40+0000,Admin,2023-10-27T04:17:40+0000,Admin,102,3V
330,Gabriela,Nistor,Female,26,2023-05-12T15:42:29+0000,Admin,2023-05-12T15:42:29+0000,Admin,102,2C
331,Dan,Popescu,Male,71,2023-07-01T15:10:06+0000,Admin,2023-07-01T15:10:06+0000,Admin,105,1N
332,Florin,Dumitru,Male,42,2023-05-16T07:03:22+0000,Admin,2023-05-16T07:03:22+0000,Admin,103,3V
333,Alexandru,Ionescu,Male,65,2023-05-05T07:34:27+0000,Admin,2023-05-05T07:34:27+0000,Admin,102,2C
334,Radu,Preda,Male,71,2023-10-31T21:03:25+0000,Admin,2023-10-31T21:03:25+0000,Admin,103,4E
335,Andreea,Preda,Female,62,2023-10-19T16:29:30+0000,Admin,2023-10-19T16:29:30+0000,Admin,105,3V
336,George,Matei,Male,36,2023-12-22T16:44:01+0000,Admin,2023-12-22T16:44:01+0000,Admin,105,3V
337,Elena,Georgescu,Female,59,2023-10-05T17:41:24+0000,Admin,2023-10-05T17:41:24+0000,Admin,103,3V
338,Ion,Dumitru,Male,71,2023-12-21T06:30:02+0000,Admin,2023-12-21T06:30:02+0000,Admin,102,1N
339,Mihai,Marian,Male,56,2023-08-14T08:07:40+0000,Admin,2023-08-14T08:07:40+0000,Admin,104,2C
340,Maria,Georgescu,Female,81,2023-11-13T03:52:28+0000,Admin,2023-11-13T03:52:28+0000,Admin,105,2C
341,Roxana,Stan,Female,26,2023-10-06T13:40:27+0000,Admin,2023-10-06T13:40:27+0000,Admin,102,2C
342,Ion,Matei,Male,48,2023-10-06T20:55:15+0000,Admin,2023-10-06T20:55:15+0000,Admin,102,1N
343,Florin,Preda,Male,84,2023-10-03T18:53:23+0000,Admin,2023-10-03T18:53:23+0000,Admin,104,4E
344,Florin,Popescu,Male,31,2023-02-17T14:10:45+0000,Admin,2023-02-17T14:10:45+0000,Admin,101,3V
345,Andrei,Preda,Male,26,2023-02-05T08:25:25+0000,Admin,2023-02-05T08:25:25+0000,Admin,104,3V
346,Mihai,Preda,Male,19,2023-02-12T23:48:33+0000,Admin,2023-02-12T23:48:33+0000,Admin,102,3V
347,Ion,Georgescu,Male,37,2023-06-25T03:07:20+0000,Admin,2023-06-25T03:07:20+0000,Admin,104,1N
348,George,Ionescu,Male,81,2023-04-27T16:06:29+0000,Admin,2023-04-27T16:06:29+0000,Admin,101,2C
349,Stefan,Stan,Male,73,2023-02-02T23:09:06+0000,Admin,2023-02-02T23:09:06+0000,Admin,101,2C
350,Carmen,Nistor,Female,20,2023-11-26T18:32:03+0000,Admin,2023-11-26T18:32:03+0000,Admin,103,2C
351,Mihaela,Preda,Female,70,2023-03-11T01:14:03+0000,Admin,2023-03-11T01:14:03+0000,Admin,103,2C
352,Alexandru,Dumitru,Male,35,2023-05-16T16:37:55+0000,Admin,2023-05-16T16:37:55+0000,Admin,105,1N
353,Andreea,Nistor,Female,67,2023-09-02T00:41:10+0000,Admin,2023-09-02T00:41:10+0000,Admin,101,2C
354,Radu,Stan,Male,77,2023-11-12T09:41:53+0000,Admin,2023-11-12T09:41:53+0000,Admin,104,4E
355,Radu,Stan,Male,23,2023-03-29T07:03:36+0000,Admin,2023-03-29T07:03:36+0000,Admin,101,1N
356,Carmen,Preda,Female,63,2023-08-27T03:22:20+0000,Admin,2023-08-27T03:22:20+0000,Admin,105,1N
357,George,Popescu,Male,65,2023-07-22T00:05:16+0000,Admin,2023-07-22T00:05:16+0000,Admin,105,1N
358,Roxana,Nistor,Female,20,2023-02-08T07:29:34+0000,Admin,2023-02-08T07:29:34+0000,Admin,105,2C
359,Andreea,Matei,Female,72,2023-01-25T05:43:30+0000,Admin,2023-01-25T05:43:30+0000,Admin,105,1N
360,Bianca,Nistor,Female,74,2023-02-27T13:02:43+0000,Admin,2023-02-27T13:02:43+0000,Admin,102,4E
361,Andreea,Preda,Female,76,2023-10-25T07:26:15+0000,Admin,2023-10-25T07:26:15+0000,Admin,101,4E
362,Ana,Georgescu,Female,47,2023-03-29T15:03:41+0000,Admin,2023-03-29T15:03:41+0000,Admin,105,3V
363,Maria,Ilie,Female,27,2023-02-26T15:00:47+0000,Admin,2023-02-26T15:00:47+0000,Admin,102,1N
364,Maria,Preda,Female,69,2023-01-08T21:34:10+0000,Admin,2023-01-08T21:34:10+0000,Admin,105,2C
365,Ana,Dumitru,Female,29,2023-06-27T05:43:21+0000,Admin,2023-06-27T05:43:21+0000,Admin,101,1N
366,Roxana,Georgescu,Female,83,2023-06-04T22:49:00+0000,Admin,2023-06-04T22:49:00+0000,Admin,104,2C
367,Elena,Matei,Female,76,2023-05-21T18:01:18+0000,Admin,2023-05-21T18:01:18+0000,Admin,105,2C
368,Ana,Marian,Female,25,2023-09-09T09:30:03+0000,Admin,2023-09-09T09:30:03+0000,Admin,102,4E
369,Ion,Nistor,Male,24,2023-03-24T03:24:38+0000,Admin,2023-03-24T03:24:38+0000,Admin,103,1N
370,Andrei,Nistor,Male,55,2023-12-02T19:12:56+0000,Admin,2023-12-02T19:12:56+0000,Admin,105,3V
371,Andrei,Nistor,Male,33,2023-09-14T20:26:37+0000,Admin,2023-09-14T20:26:37+0000,Admin,105,4E
372,Mihaela,Ilie,Female,34,2023-01-15T11:23:35+0000,Admin,2023-01-15T11:23:35+0000,Admin,105,4E
373,Andrei,Georgescu,Male,42,2023-02-03T04:33:22+0000,Admin,2023-02-03T04:33:22+0000,Admin,105,1N
374,George,Marian,Male,28,2023-11-29T08:32:46+0000,Admin,2023-11-29T08:32:46+0000,Admin,102,2C
375,Maria,Georgescu,Female,64,2023-01-03T14:00:48+0000,Admin,2023-01-03T14:00:48+0000,Admin,103,3V
376,Ioana,Marian,Female,21,2023-04-08T03:11:19+0000,Admin,2023-04-08T03:11:19+0000,Admin,103,2C
377,Bianca,Ilie,Female,67,2023-12-02T23:55:00+0000,Admin,2023-12-02T23:55:00+0000,Admin,104,3V
378,Bianca,Matei,Female,22,2023-10-19T06:09:41+0000,Admin,2023-10-19T06:09:41+0000,Admin,105,3V
379,Alexandru,Marian,Male,49,2023-01-29T22:26:33+0000,Admin,2023-01-29T22:26:33+0000,Admin,101,2C
380,Stefan,Stan,Male,27,2023-07-28T11:59:11+0000,Admin,2023-07-28T11:59:11+0000,Admin,102,1N
381,Maria,Matei,Female,42,2023-10-30T01:54:46+0000,Admin,2023-10-30T01:54:46+0000,Admin,103,1N
382,George,Ilie,Male,39,2023-11-08T21:46:18+0000,Admin,2023-11-08T21:46:18+0000,Admin,103,1N
383,Alin,Nistor,Male,53,2023-01-11T04:09:52+0000,Admin,2023-01-11T04:09:52+0000,Admin,101,1N
384,Stefan,Popescu,Male,53,2023-04-25T14:59:45+0000,Admin,2023-04-25T14:59:45+0000,Admin,104,2C
385,Andrei,Preda,Male,86,2023-04-04T20:15:38+0000,Admin,2023-04-04T20:15:38+0000,Admin,102,1N
386,Carmen,Stan,Female,73,2023-05-08T01:14:46+0000,Admin,2023-05-08T01:14:46+0000,Admin,102,4E
387,Florin,Marian,Male,47,2023-04-02T23:37:46+0000,Admin,2023-04-02T23:37:46+0000,Admin,105,3V
388,Bianca,Dumitru,Female,42,2023-09-20T03:19:13+0000,Admin,2023-09-20T03:19:13+0000,Admin,102,4E
389,Alin,Ionescu,Male,83,2023-09-25T05:21:07+0000,Admin,2023-09-25T05:21:07+0000,Admin,105,4E
390,Florin,Matei,Male,86,2023-11-02T23:37:49+0000,Admin,2023-11-02T23:37:49+0000,Admin,104,2C
391,Ion,Ionescu,Male,85,2023-08-28T05:06:27+0000,Admin,2023-08-28T05:06:27+0000,Admin,104,4E
392,George,Popescu,Male,38,2023-06-15T02:17:52+0000,Admin,2023-06-15T02:17:52+0000,Admin,105,2C
393,Florin,Nistor,Male,71,2023-04-22T08:51:33+0000,Admin,2023-04-22T08:51:33+0000,Admin,101,4E
394,Mihaela,Stan,Female,76,2023-05-05T13:21:25+0000,Admin,2023-05-05T13:21:25+0000,Admin,101,3V
395,Ioana,Ionescu,Female,53,2023-12-20T03:59:32+0000,Admin,2023-12-20T03:59:32+0000,Admin,102,1N
396,Stefan,Dumitru,Male,30,2023-05-15T00:51:33+0000,Admin,2023-05-15T00:51:33+0000,Admin,105,4E
397,George,Stan,Male,28,2023-07-06T04:04:24+0000,Admin,2023-07-06T04:04:24+0000,Admin,101,3V
398,Maria,Marian,Female,18,2023-05-03T10:01:06+0000,Admin,2023-05-03T10:01:06+0000,Admin,101,1N
399,Gabriela,Ionescu,Female,56,2023-12-09T07:00:04+0000,Admin,2023-12-09T07:00:04+0000,Admin,105,3V
400,George,Marian,Male,69,2023-04-18T16:09:52+0000,Admin,2023-04-18T16:09:52+0000,Admin,104,4E
401,Alexandru,Georgescu,Male,68,2023-06-27T10:49:11+0000,Admin,2023-06-27T10:49:11+0000,Admin,101,4E
402,Bianca,Preda,Female,41,2023-09-03T18:26:20+0000,Admin,2023-09-03T18:26:20+0000,Admin,104,1N
403,Andrei,Georgescu,Male,29,2023-05-04T16:53:32+0000,Admin,2023-05-04T16:53:32+0000,Admin,101,2C
404,Roxana,Marian,Female,64,2023-08-09T17:03:27+0000,Admin,2023-08-09T17:03:27+0000,Admin,103,2C
405,Bianca,Marian,Female,42,2023-10-27T19:32:33+0000,Admin,2023-10-27T19:32:33+0000,Admin,105,3V
406,Carmen,Marian,Female,61,2023-04-01T04:34:01+0000,Admin,2023-04-01T04:34:01+0000,Admin,105,2C
407,Maria,Nistor,Female,19,2023-02-06T04:49:24+0000,Admin,2023-02-06T04:49:24+0000,Admin,103,3V
408,Mihaela,Popescu,Female,42,2023-01-16T08:30:50+0000,Admin,2023-01-16T08:30:50+0000,Admin,101,1N
409,Elena,Ilie,Female,54,2023-02-20T10:15:06+0000,Admin,2023-02-20T10:15:06+0000,Admin,104,4E
410,Bianca,Marian,Female,75,2023-10-20T06:39:24+0000,Admin,2023-10-20T06:39:24+0000,Admin,102,4E
411,Mihaela,Marian,Female,18,2023-12-22T19:50:22+0000,Admin,2023-12-22T19:50:22+0000,Admin,105,3V
412,Alexandru,Popescu,Male,55,2023-03-13T21:57:19+0000,Admin,2023-03-13T21:57:19+0000,Admin,102,1N
413,Mihai,Stan,Male,73,2023-04-20T03:00:41+0000,Admin,2023-04-20T03:00:41+0000,Admin,104,1N
414,Alin,Popescu,Male,50,2023-10-22T22:36:06+0000,Admin,2023-10-22T22:36:06+0000,Admin,102,4E
415,Radu,Matei,Male,64,2023-03-03T19:47:20+0000,Admin,2023-03-03T19:47:20+0000,Admin,102,3V
416,Mihaela,Georgescu,Female,64,2023-06-23T20:48:27+0000,Admin,2023-06-23T20:48:27+0000,Admin,105,2C
417,Carmen,Dumitru,Female,83,2023-12-14T17:44:58+0000,Admin,2023-12-14T17:44:58+0000,Admin,101,4E
418,George,Dumitru,Male,83,2023-05-04T15:36:09+0000,Admin,2023-05-04T15:36:09+0000,Admin,102,3V
419,Stefan,Marian,Male,27,2023-01-18T17:10:48+0000,Admin,2023-01-18T17:10:48+0000,Admin,101,1N
420,Bianca,Ionescu,Female,58,2023-04-21T17:54:29+0000,Admin,2023-04-21T17:54:29+0000,Admin,105,1N
421,Florin,Stan,Male,44,2023-04-27T02:12:31+0000,Admin,2023-04-27T02:12:31+0000,Admin,104,3V
422,Ana,Georgescu,Female,53,2023-06-29T04:13:44+0000,Admin,2023-06-29T04:13:44+0000,Admin,103,1N
423,Maria,Popescu,Female,25,2023-11-02T12:21:33+0000,Admin,2023-11-02T12:21:33+0000,Admin,101,2C
424,Alin,Preda,Male,46,2023-05-17T02:22:03+0000,Admin,2023-05-17T02:22:03+0000,Admin,102,2C
425,Radu,Matei,Male,30,2023-05-21T16:15:27+0000,Admin,2023-05-21T16:15:27+0000,Admin,104,3V
426,Elena,Dumitru,Female,59,2023-10-07T18:13:41+0000,Admin,2023-10-07T18:13:41+0000,Admin,104,4E
427,Dan,Nistor,Male,73,2023-09-10T20:01:10+0000,Admin,2023-09-10T20:01:10+0000,Admin,101,3V
428,George,Ionescu,Male,40,2023-11-12T16:17:37+0000,Admin,2023-11-12T16:17:37+0000,Admin,103,1N
429,Ana,Ilie,Female,88,2023-07-05T06:33:17+0000,Admin,2023-07-05T06:33:17+0000,Admin,103,2C
430,Roxana,Marian,Female,20,2023-10-02T03:34:15+0000,Admin,2023-10-02T03:34:15+0000,Admin,105,4E
431,Maria,Preda,Female,27,2023-08-16T14:14:13+0000,Admin,2023-08-16T14:14:13+0000,Admin,101,4E
432,Andreea,Nistor,Female,38,2023-01-30T18:03:06+0000,Admin,2023-01-30T18:03:06+0000,Admin,104,2C
433,Alexandru,Ionescu,Male,66,2023-03-17T02:54:46+0000,Admin,2023-03-17T02:54:46+0000,Admin,103,1N
434,Andrei,Georgescu,Male,31,2023-07-16T07:24:30+0000,Admin,2023-07-16T07:24:30+0000,Admin,103,3V
435,Carmen,Matei,Female,83,2023-07-21T22:37:08+0000,Admin,2023-07-21T22:37:08+0000,Admin,101,3V
436,Mihaela,Ilie,Female,82,2023-07-28T14:29:14+0000,Admin,2023-07-28T14:29:14+0000,Admin,103,1N
437,Alexandru,Marian,Male,28,2023-03-26T09:10:27+0000,Admin,2023-03-26T09:10:27+0000,Admin,103,1N
438,Florin,Matei,Male,50,2023-01-13T08:47:20+0000,Admin,2023-01-13T08:47:20+0000,Admin,105,4E
439,Ion,Ilie,Male,36,2023-12-11T23:20:51+0000,Admin,2023-12-11T23:20:51+0000,Admin,105,3V
440,Florin,Marian,Male,27,2023-12-20T15:20:50+0000,Admin,2023-12-20T15:20:50+0000,Admin,102,2C
441,Elena,Matei,Female,71,2023-06-04T21:13:01+0000,Admin,2023-06-04T21:13:01+0000,Admin,101,3V
442,Roxana,Ionescu,Female,31,2023-01-03T16:22:51+0000,Admin,2023-01-03T16:22:51+0000,Admin,104,2C
443,Andrei,Ionescu,Male,76,2023-01-12T18:14:01+0000,Admin,2023-01-12T18:14:01+0000,Admin,105,4E
444,Stefan,Ionescu,Male,38,2023-01-11T23:54:57+0000,Admin,2023-01-11T23:54:57+0000,Admin,101,3V
445,Alin,Nistor,Male,69,2023-01-04T14:06:37+0000,Admin,2023-01-04T14:06:37+0000,Admin,102,2C
446,Alin,Ionescu,Male,84,2023-12-13T03:12:45+0000,Admin,2023-12-13T03:12:45+0000,Admin,102,4E
447,Andrei,Stan,Male,79,2023-05-08T01:36:39+0000,Admin,2023-05-08T01:36:39+0000,Admin,104,3V
448,Elena,Ionescu,Female,86,2023-12-22T18:33:14+0000,Admin,2023-12-22T18:33:14+0000,Admin,101,2C
449,Andreea,Preda,Female,88,2023-04-19T14:48:58+0000,Admin,2023-04-19T14:48:58+0000,Admin,102,1N
450,Alexandru,Preda,Male,47,2023-01-16T06:48:32+0000,Admin,2023-01-16T06:48:32+0000,Admin,104,1N
451,Florin,Matei,Male,77,2023-05-23T03:30:12+0000,Admin,2023-05-23T03:30:12+0000,Admin,101,1N
452,Maria,Nistor,Female,70,2023-10-20T10:46:48+0000,Admin,2023-10-20T10:46:48+0000,Admin,105,4E
453,Alin,Preda,Male,34,2023-11-16T20:55:44+0000,Admin,2023-11-16T20:55:44+0000,Admin,101,2C
454,Ana,Georgescu,Female,72,2023-10-16T13:47:35+0000,Admin,2023-10-16T13:47:35+0000,Admin,101,3V
455,Mihaela,Ilie,Female,83,2023-12-27T07:14:55+0000,Admin,2023-12-27T07:14:55+0000,Admin,104,1N
456,Mihaela,Georgescu,Female,52,2023-04-01T04:03:55+0000,Admin,2023-04-01T04:03:55+0000,Admin,102,3V
457,Radu,Nistor,Male,54,2023-07-30T23:56:25+0000,Admin,2023-07-30T23:56:25+0000,Admin,101,4E
458,Mihai,Georgescu,Male,36,2023-05-13T15:09:14+0000,Admin,2023-05-13T15:09:14+0000,Admin,104,3V
459,Carmen,Georgescu,Female,42,2023-11-03T03:43:45+0000,Admin,2023-11-03T03:43:45+0000,Admin,104,1N
460,George,Preda,Male,50,2023-03-25T21:30:07+0000,Admin,2023-03-25T21:30:07+0000,Admin,104,1N
461,Mihai,Stan,Male,23,2023-08-08T08:41:16+0000,Admin,2023-08-08T08:41:16+0000,Admin,104,3V
462,Roxana,Marian,Female,39,2023-05-27T14:52:54+0000,Admin,2023-05-27T14:52:54+0000,Admin,103,1N
463,Ion,Popescu,Male,24,2023-03-19T16:09:13+0000,Admin,2023-03-19T16:09:13+0000,Admin,103,2C
464,Gabriela,Dumitru,Female,66,2023-04-21T05:18:16+0000,Admin,2023-04-21T05:18:16+0000,Admin,102,1N
465,Mihaela,Matei,Female,36,2023-05-13T19:10:36+0000,Admin,2023-05-13T19:10:36+0000,Admin,102,3V
466,Radu,Stan,Male,58,2023-07-24T00:43:12+0000,Admin,2023-07-24T00:43:12+0000,Admin,104,1N
467,Bianca,Stan,Female,79,2023-12-03T13:18:20+0000,Admin,2023-12-03T13:18:20+0000,Admin,105,1N
468,Ion,Stan,Male,27,2023-06-01T19:24:41+0000,Admin,2023-06-01T19:24:41+0000,Admin,101,4E
469,Bianca,Popescu,Female,52,2023-06-06T12:08:35+0000,Admin,2023-06-06T12:08:35+0000,Admin,105,1N
470,Elena,Matei,Female,61,2023-07-31T20:44:08+0000,Admin,2023-07-31T20:44:08+0000,Admin,102,4E
471,Mihai,Stan,Male,53,2023-04-19T21:18:56+0000,Admin,2023-04-19T21:18:56+0000,Admin,102,3V
472,Mihaela,Stan,Female,56,2023-01-29T12:48:43+0000,Admin,2023-01-29T12:48:43+0000,Admin,104,4E
473,Mihai,Popescu,Male,35,2023-07-18T08:54:00+0000,Admin,2023-07-18T08:54:00+0000,Admin,102,3V
474,Maria,Popescu,Female,79,2023-02-11T10:10:59+0000,Admin,2023-02-11T10:10:59+0000,Admin,105,1N
475,Florin,Popescu,Male,39,2023-12-23T07:21:01+0000,Admin,2023-12-23T07:21:01+0000,Admin,102,4E
476,George,Popescu,Male,70,2023-07-09T17:25:21+0000,Admin,2023-07-09T17:25:21+0000,Admin,101,4E
477,Gabriela,Matei,Female,61,2023-03-02T07:43:02+0000,Admin,2023-03-02T07:43:02+0000,Admin,101,3V
478,Mihaela,Ionescu,Female,71,2023-01-12T17:36:13+0000,Admin,2023-01-12T17:36:13+0000,Admin,104,4E
479,Bianca,Dumitru,Female,40,2023-07-11T22:34:15+0000,Admin,2023-07-11T22:34:15+0000,Admin,102,2C
480,Carmen,Dumitru,Female,20,2023-07-20T05:49:12+0000,Admin,2023-07-20T05:49:12+0000,Admin,103,2C
481,Mihaela,Preda,Female,61,2023-06-21T05:56:37+0000,Admin,2023-06-21T05:56:37+0000,Admin,103,1N
482,Radu,Popescu,Male,52,2023-12-08T19:46:51+0000,Admin,2023-12-08T19:46:51+0000,Admin,101,4E
483,Stefan,Matei,Male,89,2023-06-12T13:31:35+0000,Admin,2023-06-12T13:31:35+0000,Admin,102,2C
484,Stefan,Marian,Male,49,2023-12-30T11:41:31+0000,Admin,2023-12-30T11:41:31+0000,Admin,102,1N
485,George,Popescu,Male,25,2023-05-15T11:45:28+0000,Admin,2023-05-15T11:45:28+0000,Admin,101,3V
486,Ana,Popescu,Female,84,2023-02-01T01:39:58+0000,Admin,2023-02-01T01:39:58+0000,Admin,102,3V
487,Stefan,Marian,Male,36,2023-09-28T05:33:38+0000,Admin,2023-09-28T05:33:38+0000,Admin,105,4E
488,Radu,Ionescu,Male,86,2023-07-02T22:02:31+0000,Admin,2023-07-02T22:02:31+0000,Admin,105,2C
489,Maria,Marian,Female,21,2023-01-10T03:01:16+0000,Admin,2023-01-10T03:01:16+0000,Admin,104,4E
490,Alexandru,Nistor,Male,75,2023-08-07T22:26:23+0000,Admin,2023-08-07T22:26:23+0000,Admin,102,2C
491,Ion,Marian,Male,22,2023-07-29T17:18:16+0000,Admin,2023-07-29T17:18:16+0000,Admin,102,1N
492,Andrei,Georgescu,Male,89,2023-12-24T03:00:52+0000,Admin,2023-12-24T03:00:52+0000,Admin,101,2C
493,Alin,Nistor,Male,22,2023-07-05T02:50:45+0000,Admin,2023-07-05T02:50:45+0000,Admin,105,4E
494,Roxana,Georgescu,Female,64,2023-04-08T02:51:52+0000,Admin,2023-04-08T02:51:52+0000,Admin,103,1N
495,Ion,Preda,Male,30,2023-05-24T18:52:07+0000,Admin,2023-05-24T18:52:07+0000,Admin,103,3V
496,Radu,Ilie,Male,32,2023-08-23T01:03:59+0000,Admin,2023-08-23T01:03:59+0000,Admin,105,4E
497,Mihai,Ilie,Male,22,2023-02-23T14:39:15+0000,Admin,2023-02-23T14:39:15+0000,Admin,104,2C
498,Florin,Matei,Male,37,2023-04-06T06:26:20+0000,Admin,2023-04-06T06:26:20+0000,Admin,103,3V
499,Radu,Ionescu,Male,52,2023-04-21T23:53:46+0000,Admin,2023-04-21T23:53:46+0000,Admin,104,2C
500,Mihai,Nistor,Male,81,2023-07-01T05:48:04+0000,Admin,2023-07-01T05:48:04+0000,Admin,102,4E
501,Ion,Ilie,Male,77,2023-06-25T16:04:31+0000,Admin,2023-06-25T16:04:31+0000,Admin,103,1N
502,Andreea,Popescu,Female,35,2023-09-16T08:44:02+0000,Admin,2023-09-16T08:44:02+0000,Admin,101,3V
503,Stefan,Nistor,Male,80,2023-04-24T00:51:20+0000,Admin,2023-04-24T00:51:20+0000,Admin,101,2C
504,Carmen,Ionescu,Female,65,2023-04-15T14:22:03+0000,Admin,2023-04-15T14:22:03+0000,Admin,105,1N
505,Mihaela,Matei,Female,44,2023-12-03T18:05:30+0000,Admin,2023-12-03T18:05:30+0000,Admin,104,4E
506,Bianca,Dumitru,Female,44,2023-03-03T12:43:17+0000,Admin,2023-03-03T12:43:17+0000,Admin,102,1N
507,Stefan,Nistor,Male,74,2023-09-07T09:04:58+0000,Admin,2023-09-07T09:04:58+0000,Admin,101,4E
508,Dan,Ilie,Male,46,2023-05-24T13:20:33+0000,Admin,2023-05-24T13:20:33+0000,Admin,103,2C
509,Alin,Nistor,Male,20,2023-12-13T09:20:52+0000,Admin,2023-12-13T09:20:52+0000,Admin,105,1N
510,Mihaela,Matei,Female,89,2023-08-26T13:38:14+0000,Admin,2023-08-26T13:38:14+0000,Admin,104,3V
511,Mihai,Nistor,Male,62,2023-07-25T06:13:03+0000,Admin,2023-07-25T06:13:03+0000,Admin,104,3V
512,Stefan,Ilie,Male,66,2023-11-01T21:25:38+0000,Admin,2023-11-01T21:25:38+0000,Admin,102,3V
513,Elena,Preda,Female,75,2023-05-11T04:04:14+0000,Admin,2023-05-11T04:04:14+0000,Admin,102,2C
514,Stefan,Preda,Male,24,2023-12-30T02:47:42+0000,Admin,2023-12-30T02:47:42+0000,Admin,102,2C
515,Roxana,Marian,Female,66,2023-05-31T08:54:37+0000,Admin,2023-05-31T08:54:37+0000,Admin,102,4E
516,Florin,Dumitru,Male,87,2023-04-24T11:32:50+0000,Admin,2023-04-24T11:32:50+0000,Admin,104,1N
517,Stefan,Popescu,Male,22,2023-04-16T00:31:27+0000,Admin,2023-04-16T00:31:27+0000,Admin,101,4E
518,Florin,Ilie,Male,29,2023-02-06T07:42:17+0000,Admin,2023-02-06T07:42:17+0000,Admin,105,4E
519,Maria,Ilie,Female,70,2023-05-22T15:53:10+0000,Admin,2023-05-22T15:53:10+0000,Admin,103,2C
520,Maria,Dumitru,Female,61,2023-01-03T10:45:03+0000,Admin,2023-01-03T10:45:03+0000,Admin,105,1N
521,Ana,Ionescu,Female,48,2023-07-30T13:48:52+0000,Admin,2023-07-30T13:48:52+0000,Admin,102,1N
522,Bianca,Preda,Female,34,2023-02-20T11:47:37+0000,Admin,2023-02-20T11:47:37+0000,Admin,101,4E
523,Andrei,Ionescu,Male,67,2023-03-08T06:28:24+0000,Admin,2023-03-08T06:28:24+0000,Admin,101,3V
524,Ana,Nistor,Female,73,2023-06-11T06:57:07+0000,Admin,2023-06-11T06:57:07+0000,Admin,104,4E
525,George,Stan,Male,67,2023-09-12T00:42:02+0000,Admin,2023-09-12T00:42:02+0000,Admin,104,3V
526,Maria,Ionescu,Female,25,2023-12-11T21:26:04+0000,Admin,2023-12-11T21:26:04+0000,Admin,102,1N
527,Mihai,Georgescu,Male,77,2023-08-24T09:30:49+0000,Admin,2023-08-24T09:30:49+0000,Admin,104,3V
528,Alexandru,Ionescu,Male,90,2023-02-21T13:30:54+0000,Admin,2023-02-21T13:30:54+0000,Admin,101,3V
529,Elena,Nistor,Female,49,2023-02-08T01:10:06+0000,Admin,2023-02-08T01:10:06+0000,Admin,105,2C
530,Alin,Ilie,Male,67,2023-08-31T16:58:28+0000,Admin,2023-08-31T16:58:28+0000,Admin,102,2C
531,Andreea,Dumitru,Female,88,2023-10-10T10:57:11+0000,Admin,2023-10-10T10:57:11+0000,Admin,104,4E
532,Radu,Marian,Male,36,2023-02-09T11:52:06+0000,Admin,2023-02-09T11:52:06+0000,Admin,103,2C
533,Mihaela,Marian,Female,82,2023-08-26T13:36:53+0000,Admin,2023-08-26T13:36:53+0000,Admin,102,2C
534,Mihaela,Popescu,Female,65,2023-06-21T17:49:22+0000,Admin,2023-06-21T17:49:22+0000,Admin,102,4E
535,Mihaela,Georgescu,Female,71,2023-09-20T03:22:13+0000,Admin,2023-09-20T03:22:13+0000,Admin,104,3V
536,Mihai,Preda,Male,46,2023-11-25T03:42:55+0000,Admin,2023-11-25T03:42:55+0000,Admin,105,4E
537,Florin,Georgescu,Male,87,2023-04-08T15:56:42+0000,Admin,2023-04-08T15:56:42+0000,Admin,102,1N
538,Maria,Matei,Female,60,2023-12-12T10:17:20+0000,Admin,2023-12-12T10:17:20+0000,Admin,101,4E
539,Stefan,Ilie,Male,37,2023-01-27T07:53:52+0000,Admin,2023-01-27T07:53:52+0000,Admin,101,4E
540,Mihai,Matei,Male,76,2023-03-04T04:44:36+0000,Admin,2023-03-04T04:44:36+0000,Admin,104,3V
541,Stefan,Popescu,Male,65,2023-05-12T03:40:15+0000,Admin,2023-05-12T03:40:15+0000,Admin,105,1N
542,Ion,Stan,Male,35,2023-01-28T13:09:34+0000,Admin,2023-01-28T13:09:34+0000,Admin,105,1N
543,Bianca,Ionescu,Female,27,2023-08-06T18:51:58+0000,Admin,2023-08-06T18:51:58+0000,Admin,101,3V
544,Ioana,Matei,Female,46,2023-07-10T02:04:55+0000,Admin,2023-07-10T02:04:55+0000,Admin,101,4E
545,George,Ilie,Male,32,2023-12-03T10:05:10+0000,Admin,2023-12-03T10:05:10+0000,Admin,102,4E
546,Andreea,Marian,Female,30,2023-12-24T14:03:45+0000,Admin,2023-12-24T14:03:45+0000,Admin,104,2C
547,Mihai,Marian,Male,24,2023-06-02T20:32:49+0000,Admin,2023-06-02T20:32:49+0000,Admin,101,4E
548,Dan,Popescu,Male,47,2023-10-06T13:41:29+0000,Admin,2023-10-06T13:41:29+0000,Admin,103,3V
549,Gabriela,Preda,Female,49,2023-11-11T19:28:04+0000,Admin,2023-11-11T19:28:04+0000,Admin,105,2C
550,Stefan,Ilie,Male,24,2023-01-21T04:38:51+0000,Admin,2023-01-21T04:38:51+0000,Admin,103,3V
551,Andreea,Georgescu,Female,49,2023-10-02T21:16:43+0000,Admin,2023-10-02T21:16:43+0000,Admin,103,2C
552,Maria,Marian,Female,74,2023-07-23T01:06:30+0000,Admin,2023-07-23T01:06:30+0000,Admin,104,4E
553,Alexandru,Popescu,Male,53,2023-02-06T02:21:28+0000,Admin,2023-02-06T02:21:28+0000,Admin,103,1N
554,Dan,Stan,Male,20,2023-03-20T01:36:46+0000,Admin,2023-03-20T01:36:46+0000,Admin,101,3V
555,Ana,Marian,Female,65,2023-08-16T23:15:44+0000,Admin,2023-08-16T23:15:44+0000,Admin,103,1N
556,Andreea,Popescu,Female,37,2023-02-16T08:42:25+0000,Admin,2023-02-16T08:42:25+0000,Admin,104,3V
557,Carmen,Ionescu,Female,54,2023-01-10T00:33:41+0000,Admin,2023-01-10T00:33:41+0000,Admin,104,3V
558,Roxana,Preda,Female,36,2023-07-31T23:41:28+0000,Admin,2023-07-31T23:41:28+0000,Admin,102,1N
559,Florin,Dumitru,Male,80,2023-04-27T20:42:02+0000,Admin,2023-04-27T20:42:02+0000,Admin,103,3V
560,Mihaela,Marian,Female,42,2023-11-09T16:23:09+0000,Admin,2023-11-09T16:23:09+0000,Admin,102,2C
561,Maria,Ionescu,Female,70,2023-05-29T19:10:18+0000,Admin,2023-05-29T19:10:18+0000,Admin,104,3V
562,Stefan,Georgescu,Male,48,2023-05-19T14:30:42+0000,Admin,2023-05-19T14:30:42+0000,Admin,105,1N
563,Maria,Matei,Female,87,2023-02-01T13:04:15+0000,Admin,2023-02-01T13:04:15+0000,Admin,101,3V
564,Radu,Nistor,Male,36,2023-02-08T17:33:19+0000,Admin,2023-02-08T17:33:19+0000,Admin,105,3V
565,Alin,Dumitru,Male,73,2023-08-06T06:50:21+0000,Admin,2023-08-06T06:50:21+0000,Admin,101,4E
566,Ioana,Nistor,Female,82,2023-05-20T03:44:23+0000,Admin,2023-05-20T03:44:23+0000,Admin,101,2C
567,George,Matei,Male,44,2023-02-14T05:03:58+0000,Admin,2023-02-14T05:03:58+0000,Admin,104,2C
568,Alexandru,Georgescu,Male,28,2023-09-04T17:56:46+0000,Admin,2023-09-04T17:56:46+0000,Admin,105,3V
569,Ion,Popescu,Male,62,2023-01-19T22:13:42+0000,Admin,2023-01-19T22:13:42+0000,Admin,104,2C
570,Andrei,Nistor,Male,55,2023-06-24T14:20:34+0000,Admin,2023-06-24T14:20:34+0000,Admin,103,3V
571,Carmen,Ilie,Female,45,2023-08-28T06:54:32+0000,Admin,2023-08-28T06:54:32+0000,Admin,103,4E
572,Andrei,Popescu,Male,48,2023-09-17T06:35:00+0000,Admin,2023-09-17T06:35:00+0000,Admin,102,4E
573,Ion,Matei,Male,86,2023-12-24T20:19:45+0000,Admin,2023-12-24T20:19:45+0000,Admin,105,1N
574,Elena,Matei,Female,18,2023-12-09T20:52:12+0000,Admin,2023-12-09T20:52:12+0000,Admin,105,2C
575,Elena,Preda,Female,59,2023-04-05T20:48:59+0000,Admin,2023-04-05T20:48:59+0000,Admin,102,3V
576,Dan,Nistor,Male,51,2023-10-27T17:03:46+0000,Admin,2023-10-27T17:03:46+0000,Admin,105,4E
577,Roxana,Matei,Female,43,2023-05-07T06:49:26+0000,Admin,2023-05-07T06:49:26+0000,Admin,105,2C
578,Andreea,Marian,Female,31,2023-05-08T04:23:04+0000,Admin,2023-05-08T04:23:04+0000,Admin,105,2C
579,Ioana,Matei,Female,42,2023-02-09T17:07:59+0000,Admin,2023-02-09T17:07:59+0000,Admin,104,3V
580,Carmen,Georgescu,Female,48,2023-11-13T17:09:42+0000,Admin,2023-11-13T17:09:42+0000,Admin,104,1N
581,Elena,Preda,Female,47,2023-06-06T02:07:03+0000,Admin,2023-06-06T02:07:03+0000,Admin,105,2C
582,Elena,Matei,Female,61,2023-08-31T09:38:45+0000,Admin,2023-08-31T09:38:45+0000,Admin,103,2C
583,Andreea,Ilie,Female,50,2023-10-02T03:24:54+0000,Admin,2023-10-02T03:24:54+0000,Admin,103,2C
584,Elena,Nistor,Female,48,2023-12-07T22:12:45+0000,Admin,2023-12-07T22:12:45+0000,Admin,103,2C
585,Radu,Nistor,Male,62,2023-07-06T11:03:54+0000,Admin,2023-07-06T11:03:54+0000,Admin,102,2C
586,Alin,Ilie,Male,42,2023-11-25T09:55:52+0000,Admin,2023-11-25T09:55:52+0000,Admin,102,2C
587,Ion,Ilie,Male,47,2023-10-04T12:04:07+0000,Admin,2023-10-04T12:04:07+0000,Admin,105,2C
588,Elena,Preda,Female,59,2023-05-29T12:03:15+0000,Admin,2023-05-29T12:03:15+0000,Admin,101,3V
589,Roxana,Matei,Female,50,2023-04-13T20:24:45+0000,Admin,2023-04-13T20:24:45+0000,Admin,103,4E
590,Bianca,Ilie,Female,90,2023-06-17T15:45:09+0000,Admin,2023-06-17T15:45:09+0000,Admin,105,3V
591,Carmen,Nistor,Female,48,2023-10-18T12:54:46+0000,Admin,2023-10-18T12:54:46+0000,Admin,102,1N
592,Carmen,Matei,Female,69,2023-07-31T13:12:40+0000,Admin,2023-07-31T13:12:40+0000,Admin,102,4E
593,Alin,Matei,Male,63,2023-01-01T13:02:41+0000,Admin,2023-01-01T13:02:41+0000,Admin,105,1N
594,Elena,Preda,Female,31,2023-01-29T16:54:10+0000,Admin,2023-01-29T16:54:10+0000,Admin,104,2C
595,Maria,Marian,Female,88,2023-03-28T09:22:17+0000,Admin,2023-03-28T09:22:17+0000,Admin,102,2C
596,Bianca,Matei,Female,62,2023-08-31T19:33:15+0000,Admin,2023-08-31T19:33:15+0000,Admin,103,1N
597,Ana,Ilie,Female,31,2023-01-12T00:33:44+0000,Admin,2023-01-12T00:33:44+0000,Admin,103,1N
598,Carmen,Stan,Female,62,2023-05-10T08:42:55+0000,Admin,2023-05-10T08:42:55+0000,Admin,103,3V
599,Dan,Georgescu,Male,33,2023-01-22T18:38:39+0000,Admin,2023-01-22T18:38:39+0000,Admin,102,2C
600,Mihai,Georgescu,Male,53,2023-07-04T11:36:42+0000,Admin,2023-07-04T11:36:42+0000,Admin,105,1N
601,Alin,Marian,Male,88,2023-06-25T00:41:00+0000,Admin,2023-06-25T00:41:00+0000,Admin,104,4E
602,Alin,Marian,Male,78,2023-07-09T10:53:09+0000,Admin,2023-07-09T10:53:09+0000,Admin,105,2C
603,Gabriela,Matei,Female,21,2023-04-10T23:35:44+0000,Admin,2023-04-10T23:35:44+0000,Admin,103,3V
604,Radu,Marian,Male,29,2023-04-06T01:36:41+0000,Admin,2023-04-06T01:36:41+0000,Admin,104,4E
605,Gabriela,Marian,Female,41,2023-11-15T16:17:09+0000,Admin,2023-11-15T16:17:09+0000,Admin,105,3V
606,Maria,Popescu,Female,26,2023-09-17T10:57:06+0000,Admin,2023-09-17T10:57:06+0000,Admin,101,3V
607,Andrei,Nistor,Male,76,2023-06-01T21:20:08+0000,Admin,2023-06-01T21:20:08+0000,Admin,103,2C
608,Andrei,Popescu,Male,55,2023-12-22T02:32:56+0000,Admin,2023-12-22T02:32:56+0000,Admin,104,2C
609,Radu,Matei,Male,53,2023-04-23T13:03:06+0000,Admin,2023-04-23T13:03:06+0000,Admin,102,1N
610,Dan,Stan,Male,78,2023-12-20T14:41:30+0000,Admin,2023-12-20T14:41:30+0000,Admin,105,2C
611,Roxana,Nistor,Female,18,2023-01-15T10:27:03+0000,Admin,2023-01-15T10:27:03+0000,Admin,103,2C
612,Maria,Popescu,Female,26,2023-04-05T06:33:32+0000,Admin,2023-04-05T06:33:32+0000,Admin,102,1N
613,Ioana,Ionescu,Female,42,2023-02-22T07:05:52+0000,Admin,2023-02-22T07:05:52+0000,Admin,103,3V
614,Andreea,Marian,Female,90,2023-06-30T21:45:59+0000,Admin,2023-06-30T21:45:59+0000,Admin,103,3V
615,Ana,Marian,Female,53,2023-06-29T00:09:07+0000,Admin,2023-06-29T00:09:07+0000,Admin,101,1N
616,Stefan,Stan,Male,85,2023-07-21T10:47:16+0000,Admin,2023-07-21T10:47:16+0000,Admin,103,3V
617,Roxana,Georgescu,Female,90,2023-05-23T18:31:07+0000,Admin,2023-05-23T18:31:07+0000,Admin,101,2C
618,Bianca,Matei,Female,28,2023-03-11T02:45:51+0000,Admin,2023-03-11T02:45:51+0000,Admin,103,1N
619,Ion,Marian,Male,43,2023-03-23T12:15:24+0000,Admin,2023-03-23T12:15:24+0000,Admin,105,1N
620,Dan,Georgescu,Male,72,2023-09-30T17:08:47+0000,Admin,2023-09-30T17:08:47+0000,Admin,101,3V
621,Elena,Ilie,Female,21,2023-09-10T15:33:13+0000,Admin,2023-09-10T15:33:13+0000,Admin,101,2C
622,Carmen,Matei,Female,55,2023-10-24T08:18:01+0000,Admin,2023-10-24T08:18:01+0000,Admin,104,3V
623,Radu,Georgescu,Male,46,2023-07-27T16:17:58+0000,Admin,2023-07-27T16:17:58+0000,Admin,101,3V
624,Bianca,Ionescu,Female,27,2023-07-19T14:30:53+0000,Admin,2023-07-19T14:30:53+0000,Admin,101,4E
625,Elena,Ionescu,Female,21,2023-11-25T22:24:59+0000,Admin,2023-11-25T22:24:59+0000,Admin,104,4E
626,George,Popescu,Male,39,2023-07-26T05:55:41+0000,Admin,2023-07-26T05:55:41+0000,Admin,105,3V
627,Alin,Georgescu,Male,63,2023-08-10T02:32:30+0000,Admin,2023-08-10T02:32:30+0000,Admin,105,3V
628,Roxana,Popescu,Female,52,2023-04-06T09:21:59+0000,Admin,2023-04-06T09:21:59+0000,Admin,104,1N
629,Alexandru,Marian,Male,60,2023-02-12T23:05:10+0000,Admin,2023-02-12T23:05:10+0000,Admin,102,3V
630,Maria,Ilie,Female,52,2023-12-22T03:16:44+0000,Admin,2023-12-22T03:16:44+0000,Admin,105,2C
631,Alexandru,Matei,Male,71,2023-03-18T20:08:46+0000,Admin,2023-03-18T20:08:46+0000,Admin,105,1N
632,Florin,Ilie,Male,89,2023-07-25T11:30:20+0000,Admin,2023-07-25T11:30:20+0000,Admin,102,2C
633,Florin,Georgescu,Male,52,2023-12-25T12:23:16+0000,Admin,2023-12-25T12:23:16+0000,Admin,105,3V
634,Bianca,Ilie,Female,69,2023-10-10T14:48:36+0000,Admin,2023-10-10T14:48:36+0000,Admin,103,2C
635,Andreea,Preda,Female,82,2023-10-10T06:30:42+0000,Admin,2023-10-10T06:30:42+0000,Admin,102,4E
636,Mihai,Dumitru,Male,65,2023-11-29T07:31:26+0000,Admin,2023-11-29T07:31:26+0000,Admin,101,1N
637,Elena,Marian,Female,19,2023-12-20T15:50:56+0000,Admin,2023-12-20T15:50:56+0000,Admin,102,4E
638,Mihai,Georgescu,Male,45,2023-06-12T07:36:36+0000,Admin,2023-06-12T07:36:36+0000,Admin,102,4E
639,Carmen,Ionescu,Female,84,2023-02-12T03:19:47+0000,Admin,2023-02-12T03:19:47+0000,Admin,102,2C
640,Stefan,Popescu,Male,21,2023-08-10T20:07:01+0000,Admin,2023-08-10T20:07:01+0000,Admin,103,3V
641,Andreea,Marian,Female,73,2023-12-19T06:19:05+0000,Admin,2023-12-19T06:19:05+0000,Admin,103,2C
642,Roxana,Georgescu,Female,25,2023-06-25T19:18:56+0000,Admin,2023-06-25T19:18:56+0000,Admin,104,4E
643,Roxana,Marian,Female,28,2023-03-18T16:04:59+0000,Admin,2023-03-18T16:04:59+0000,Admin,105,2C
644,Andrei,Georgescu,Male,55,2023-08-07T21:50:52+0000,Admin,2023-08-07T21:50:52+0000,Admin,102,2C
645,Roxana,Preda,Female,46,2023-11-27T16:55:55+0000,Admin,2023-11-27T16:55:55+0000,Admin,105,3V
646,Elena,Marian,Female,68,2023-03-26T19:24:40+0000,Admin,2023-03-26T19:24:40+0000,Admin,104,2C
647,Florin,Nistor,Male,76,2023-09-12T12:31:20+0000,Admin,2023-09-12T12:31:20+0000,Admin,101,3V
648,Stefan,Ilie,Male,46,2023-07-01T08:46:29+0000,Admin,2023-07-01T08:46:29+0000,Admin,104,3V
649,Andrei,Georgescu,Male,81,2023-03-12T22:46:06+0000,Admin,2023-03-12T22:46:06+0000,Admin,103,2C
650,Radu,Georgescu,Male,22,2023-06-18T18:18:54+0000,Admin,2023-06-18T18:18:54+0000,Admin,104,1N
651,Andreea,Marian,Female,75,2023-02-14T00:36:09+0000,Admin,2023-02-14T00:36:09+0000,Admin,102,1N
652,George,Preda,Male,47,2023-05-20T16:21:52+0000,Admin,2023-05-20T16:21:52+0000,Admin,102,1N
653,Bianca,Popescu,Female,87,2023-02-25T08:50:22+0000,Admin,2023-02-25T08:50:22+0000,Admin,101,4E
654,Elena,Preda,Female,20,2023-09-12T16:06:40+0000,Admin,2023-09-12T16:06:40+0000,Admin,102,2C
655,Maria,Nistor,Female,62,2023-12-18T05:36:35+0000,Admin,2023-12-18T05:36:35+0000,Admin,102,2C
656,Alin,Ionescu,Male,32,2023-08-09T16:57:11+0000,Admin,2023-08-09T16:57:11+0000,Admin,104,3V
657,Ioana,Matei,Female,71,2023-11-15T22:49:01+0000,Admin,2023-11-15T22:49:01+0000,Admin,102,3V
658,Alexandru,Popescu,Male,64,2023-01-02T12:14:53+0000,Admin,2023-01-02T12:14:53+0000,Admin,105,2C
659,Gabriela,Preda,Female,64,2023-03-24T15:32:03+0000,Admin,2023-03-24T15:32:03+0000,Admin,101,1N
660,Gabriela,Ionescu,Female,85,2023-09-28T17:37:56+0000,Admin,2023-09-28T17:37:56+0000,Admin,101,3V
661,Roxana,Ionescu,Female,53,2023-03-25T05:14:31+0000,Admin,2023-03-25T05:14:31+0000,Admin,104,4E
662,Bianca,Ilie,Female,76,2023-05-11T16:53:14+0000,Admin,2023-05-11T16:53:14+0000,Admin,104,3V
663,George,Marian,Male,82,2023-09-22T16:48:40+0000,Admin,2023-09-22T16:48:40+0000,Admin,104,1N
664,Ioana,Preda,Female,63,2023-09-02T18:35:46+0000,Admin,2023-09-02T18:35:46+0000,Admin,102,3V
665,Roxana,Ilie,Female,51,2023-11-04T07:15:53+0000,Admin,2023-11-04T07:15:53+0000,Admin,101,3V
666,Ioana,Matei,Female,72,2023-12-13T10:11:29+0000,Admin,2023-12-13T10:11:29+0000,Admin,104,2C
667,Dan,Ionescu,Male,32,2023-02-19T19:34:00+0000,Admin,2023-02-19T19:34:00+0000,Admin,102,2C
668,Dan,Ilie,Male,88,2023-09-29T06:25:03+0000,Admin,2023-09-29T06:25:03+0000,Admin,101,4E
669,Alexandru,Nistor,Male,30,2023-09-16T04:43:34+0000,Admin,2023-09-16T04:43:34+0000,Admin,102,1N
670,Ana,Popescu,Female,26,2023-03-26T07:45:51+0000,Admin,2023-03-26T07:45:51+0000,Admin,104,2C
671,Dan,Matei,Male,62,2023-03-20T21:07:07+0000,Admin,2023-03-20T21:07:07+0000,Admin,102,4E
672,George,Stan,Male,68,2023-12-06T12:45:23+0000,Admin,2023-12-06T12:45:23+0000,Admin,102,1N
673,Roxana,Popescu,Female,89,2023-10-14T14:42:53+0000,Admin,2023-10-14T14:42:53+0000,Admin,101,1N
674,Carmen,Matei,Female,39,2023-05-16T17:12:04+0000,Admin,2023-05-16T17:12:04+0000,Admin,101,3V
675,Ioana,Ionescu,Female,71,2023-03-03T07:30:28+0000,Admin,2023-03-03T07:30:28+0000,Admin,103,4E
676,Alin,Preda,Male,80,2023-11-30T14:48:54+0000,Admin,2023-11-30T14:48:54+0000,Admin,104,4E
677,Carmen,Stan,Female,85,2023-01-24T14:11:23+0000,Admin,2023-01-24T14:11:23+0000,Admin,104,4E
678,Elena,Ilie,Female,60,2023-01-04T23:08:07+0000,Admin,2023-01-04T23:08:07+0000,Admin,104,1N
679,Gabriela,Marian,Female,63,2023-02-21T00:18:49+0000,Admin,2023-02-21T00:18:49+0000,Admin,105,2C
680,Elena,Ilie,Female,36,2023-01-16T21:43:35+0000,Admin,2023-01-16T21:43:35+0000,Admin,102,3V
681,Ion,Matei,Male,34,2023-04-29T22:43:53+0000,Admin,2023-04-29T22:43:53+0000,Admin,104,1N
682,Maria,Dumitru,Female,76,2023-06-12T22:55:35+0000,Admin,2023-06-12T22:55:35+0000,Admin,101,3V
683,Andrei,Dumitru,Male,54,2023-10-18T08:05:06+0000,Admin,2023-10-18T08:05:06+0000,Admin,102,3V
684,Ion,Popescu,Male,82,2023-11-05T06:24:08+0000,Admin,2023-11-05T06:24:08+0000,Admin,105,2C
685,Florin,Preda,Male,68,2023-09-01T07:25:47+0000,Admin,2023-09-01T07:25:47+0000,Admin,101,4E
686,Ioana,Popescu,Female,61,2023-03-29T13:03:04+0000,Admin,2023-03-29T13:03:04+0000,Admin,105,4E
687,Alin,Marian,Male,72,2023-09-11T21:58:37+0000,Admin,2023-09-11T21:58:37+0000,Admin,102,2C
688,Maria,Dumitru,Female,20,2023-03-10T06:12:47+0000,Admin,2023-03-10T06:12:47+0000,Admin,103,2C
689,Gabriela,Popescu,Female,80,2023-11-28T17:52:51+0000,Admin,2023-11-28T17:52:51+0000,Admin,104,1N
690,Ion,Preda,Male,23,2023-03-04T22:02:54+0000,Admin,2023-03-04T22:02:54+0000,Admin,103,2C
691,Mihai,Nistor,Male,37,2023-06-09T00:05:29+0000,Admin,2023-06-09T00:05:29+0000,Admin,104,1N
692,Roxana,Matei,Female,31,2023-05-25T00:19:10+0000,Admin,2023-05-25T00:19:10+0000,Admin,104,3V
693,Roxana,Ionescu,Female,29,2023-03-05T21:50:07+0000,Admin,2023-03-05T21:50:07+0000,Admin,101,1N
694,Stefan,Nistor,Male,78,2023-12-02T14:23:18+0000,Admin,2023-12-02T14:23:18+0000,Admin,102,2C
695,Ion,Preda,Male,46,2023-12-15T17:00:03+0000,Admin,2023-12-15T17:00:03+0000,Admin,102,4E
696,Ion,Ionescu,Male,43,2023-07-20T05:14:01+0000,Admin,2023-07-20T05:14:01+0000,Admin,104,1N
697,Bianca,Stan,Female,60,2023-03-18T09:11:28+0000,Admin,2023-03-18T09:11:28+0000,Admin,102,2C
698,Andreea,Marian,Female,28,2023-03-23T03:38:16+0000,Admin,2023-03-23T03:38:16+0000,Admin,103,2C
699,Andreea,Ilie,Female,52,2023-07-26T20:27:47+0000,Admin,2023-07-26T20:27:47+0000,Admin,103,2C
700,Carmen,Stan,Female,62,2023-02-24T09:58:56+0000,Admin,2023-02-24T09:58:56+0000,Admin,102,3V
701,Radu,Stan,Male,48,2023-12-20T17:51:22+0000,Admin,2023-12-20T17:51:22+0000,Admin,102,3V
702,Andreea,Stan,Female,64,2023-05-08T21:17:26+0000,Admin,2023-05-08T21:17:26+0000,Admin,103,1N
703,Andrei,Ionescu,Male,69,2023-03-10T00:29:29+0000,Admin,2023-03-10T00:29:29+0000,Admin,103,3V
704,Elena,Dumitru,Female,81,2023-10-03T19:15:46+0000,Admin,2023-10-03T19:15:46+0000,Admin,102,2C
705,Carmen,Georgescu,Female,58,2023-08-22T08:26:10+0000,Admin,2023-08-22T08:26:10+0000,Admin,104,4E
706,George,Preda,Male,80,2023-05-04T21:46:09+0000,Admin,2023-05-04T21:46:09+0000,Admin,102,3V
707,Gabriela,Preda,Female,41,2023-01-23T02:24:52+0000,Admin,2023-01-23T02:24:52+0000,Admin,104,3V
708,Bianca,Popescu,Female,57,2023-03-04T15:51:48+0000,Admin,2023-03-04T15:51:48+0000,Admin,105,2C
709,Andrei,Marian,Male,20,2023-06-06T15:31:35+0000,Admin,2023-06-06T15:31:35+0000,Admin,102,4E
710,Gabriela,Marian,Female,72,2023-06-13T17:29:42+0000,Admin,2023-06-13T17:29:42+0000,Admin,102,3V
711,Ion,Ionescu,Male,76,2023-03-04T19:48:28+0000,Admin,2023-03-04T19:48:28+0000,Admin,105,4E
712,Ion,Marian,Male,52,2023-09-28T05:57:21+0000,Admin,2023-09-28T05:57:21+0000,Admin,104,1N
713,Andrei,Dumitru,Male,24,2023-04-19T13:29:07+0000,Admin,2023-04-19T13:29:07+0000,Admin,103,2C
714,Dan,Stan,Male,67,2023-10-12T20:11:03+0000,Admin,2023-10-12T20:11:03+0000,Admin,103,4E
715,Roxana,Ionescu,Female,61,2023-02-09T11:43:40+0000,Admin,2023-02-09T11:43:40+0000,Admin,104,3V
716,Maria,Nistor,Female,76,2023-10-27T06:54:50+0000,Admin,2023-10-27T06:54:50+0000,Admin,104,2C
717,Andrei,Ionescu,Male,57,2023-03-27T17:58:54+0000,Admin,2023-03-27T17:58:54+0000,Admin,101,2C
718,Elena,Preda,Female,66,2023-12-30T17:47:27+0000,Admin,2023-12-30T17:47:27+0000,Admin,104,4E
719,Andreea,Marian,Female,21,2023-04-24T12:50:03+0000,Admin,2023-04-24T12:50:03+0000,Admin,101,1N
720,Stefan,Matei,Male,76,2023-07-08T18:56:41+0000,Admin,2023-07-08T18:56:41+0000,Admin,104,1N
721,Mihai,Ilie,Male,46,2023-02-20T03:24:01+0000,Admin,2023-02-20T03:24:01+0000,Admin,103,3V
722,Bianca,Popescu,Female,62,2023-09-19T22:29:34+0000,Admin,2023-09-19T22:29:34+0000,Admin,102,2C
723,Dan,Dumitru,Male,56,2023-08-28T02:30:55+0000,Admin,2023-08-28T02:30:55+0000,Admin,101,1N
724,Alexandru,Preda,Male,65,2023-11-30T02:46:37+0000,Admin,2023-11-30T02:46:37+0000,Admin,101,2C
725,George,Popescu,Male,56,2023-10-28T04:26:16+0000,Admin,2023-10-28T04:26:16+0000,Admin,101,2C
726,Alexandru,Ionescu,Male,69,2023-06-16T12:12:56+0000,Admin,2023-06-16T12:12:56+0000,Admin,102,2C
727,Maria,Ilie,Female,22,2023-03-14T23:55:17+0000,Admin,2023-03-14T23:55:17+0000,Admin,105,2C
728,Andrei,Marian,Male,38,2023-08-01T15:55:00+0000,Admin,2023-08-01T15:55:00+0000,Admin,103,3V
729,Stefan,Nistor,Male,46,2023-08-18T00:25:24+0000,Admin,2023-08-18T00:25:24+0000,Admin,103,4E
730,Carmen,Dumitru,Female,60,2023-01-15T08:58:34+0000,Admin,2023-01-15T08:58:34+0000,Admin,101,2C
731,George,Dumitru,Male,37,2023-03-28T23:37:55+0000,Admin,2023-03-28T23:37:55+0000,Admin,102,1N
732,George,Ilie,Male,85,2023-09-07T08:13:01+0000,Admin,2023-09-07T08:13:01+0000,Admin,102,3V
733,Elena,Dumitru,Female,20,2023-01-02T06:40:41+0000,Admin,2023-01-02T06:40:41+0000,Admin,103,3V
734,Elena,Marian,Female,70,2023-01-05T06:25:47+0000,Admin,2023-01-05T06:25:47+0000,Admin,103,2C
735,Stefan,Preda,Male,40,2023-05-25T16:46:13+0000,Admin,2023-05-25T16:46:13+0000,Admin,105,2C
736,Maria,Ilie,Female,61,2023-04-13T00:01:30+0000,Admin,2023-04-13T00:01:30+0000,Admin,101,2C
737,Alexandru,Marian,Male,22,2023-01-17T22:07:32+0000,Admin,2023-01-17T22:07:32+0000,Admin,103,3V
738,Andreea,Preda,Female,86,2023-03-16T11:44:58+0000,Admin,2023-03-16T11:44:58+0000,Admin,104,4E
739,Alexandru,Popescu,Male,28,2023-12-03T06:10:50+0000,Admin,2023-12-03T06:10:50+0000,Admin,103,1N
740,Maria,Stan,Female,90,2023-07-24T14:11:39+0000,Admin,2023-07-24T14:11:39+0000,Admin,104,3V
741,Elena,Ilie,Female,28,2023-07-27T06:12:38+0000,Admin,2023-07-27T06:12:38+0000,Admin,105,4E
742,Dan,Popescu,Male,25,2023-10-26T23:04:54+0000,Admin,2023-10-26T23:04:54+0000,Admin,104,2C
743,Elena,Ionescu,Female,22,2023-04-22T13:52:37+0000,Admin,2023-04-22T13:52:37+0000,Admin,104,1N
744,Maria,Matei,Female,32,2023-12-17T04:30:42+0000,Admin,2023-12-17T04:30:42+0000,Admin,103,3V
745,Dan,Ionescu,Male,59,2023-05-04T10:47:00+0000,Admin,2023-05-04T10:47:00+0000,Admin,104,2C
746,Radu,Stan,Male,65,2023-01-03T02:19:03+0000,Admin,2023-01-03T02:19:03+0000,Admin,101,2C
747,Andreea,Popescu,Female,62,2023-01-22T17:41:24+0000,Admin,2023-01-22T17:41:24+0000,Admin,101,3V
748,Ion,Georgescu,Male,85,2023-01-01T01:46:15+0000,Admin,2023-01-01T01:46:15+0000,Admin,104,1N
749,Ion,Dumitru,Male,33,2023-09-15T10:32:36+0000,Admin,2023-09-15T10:32:36+0000,Admin,104,2C
750,Elena,Matei,Female,37,2023-08-21T00:38:54+0000,Admin,2023-08-21T00:38:54+0000,Admin,104,2C
751,Gabriela,Matei,Female,60,2023-06-24T16:19:09+0000,Admin,2023-06-24T16:19:09+0000,Admin,103,3V
752,Andrei,Marian,Male,38,2023-05-03T12:24:20+0000,Admin,2023-05-03T12:24:20+0000,Admin,101,4E
753,Florin,Ilie,Male,57,2023-11-04T12:53:25+0000,Admin,2023-11-04T12:53:25+0000,Admin,104,3V
754,Bianca,Nistor,Female,76,2023-05-20T10:59:58+0000,Admin,2023-05-20T10:59:58+0000,Admin,101,4E
755,Andrei,Georgescu,Male,18,2023-08-12T06:31:52+0000,Admin,2023-08-12T06:31:52+0000,Admin,104,3V
756,Andrei,Ionescu,Male,43,2023-03-10T10:38:27+0000,Admin,2023-03-10T10:38:27+0000,Admin,105,3V
757,Elena,Marian,Female,87,2023-07-05T19:24:31+0000,Admin,2023-07-05T19:24:31+0000,Admin,102,4E
758,Andrei,Stan,Male,70,2023-03-05T14:36:35+0000,Admin,2023-03-05T14:36:35+0000,Admin,101,4E
759,Elena,Georgescu,Female,83,2023-03-22T01:08:04+0000,Admin,2023-03-22T01:08:04+0000,Admin,101,4E
760,Andrei,Ilie,Male,18,2023-11-02T07:40:29+0000,Admin,2023-11-02T07:40:29+0000,Admin,103,2C
761,George,Marian,Male,46,2023-02-15T10:16:39+0000,Admin,2023-02-15T10:16:39+0000,Admin,101,3V
762,Stefan,Nistor,Male,84,2023-07-08T06:44:34+0000,Admin,2023-07-08T06:44:34+0000,Admin,102,1N
763,Stefan,Nistor,Male,20,2023-01-21T10:17:11+0000,Admin,2023-01-21T10:17:11+0000,Admin,103,1N
764,Radu,Popescu,Male,88,2023-04-02T16:36:06+0000,Admin,2023-04-02T16:36:06+0000,Admin,104,4E
765,Gabriela,Ilie,Female,32,2023-04-03T06:15:40+0000,Admin,2023-04-03T06:15:40+0000,Admin,104,2C
766,Ioana,Preda,Female,34,2023-01-12T10:40:24+0000,Admin,2023-01-12T10:40:24+0000,Admin,104,3V
767,Radu,Stan,Male,72,2023-10-08T02:03:23+0000,Admin,2023-10-08T02:03:23+0000,Admin,104,3V
768,Alexandru,Dumitru,Male,57,2023-01-22T10:50:28+0000,Admin,2023-01-22T10:50:28+0000,Admin,105,3V
769,Alexandru,Ilie,Male,73,2023-05-04T01:43:33+0000,Admin,2023-05-04T01:43:33+0000,Admin,101,2C
770,Elena,Dumitru,Female,61,2023-08-22T19:19:39+0000,Admin,2023-08-22T19:19:39+0000,Admin,104,3V
771,Mihaela,Ilie,Female,25,2023-05-23T13:28:41+0000,Admin,2023-05-23T13:28:41+0000,Admin,103,4E
772,Andrei,Nistor,Male,83,2023-12-05T23:13:14+0000,Admin,2023-12-05T23:13:14+0000,Admin,103,4E
773,Elena,Popescu,Female,41,2023-02-01T06:37:38+0000,Admin,2023-02-01T06:37:38+0000,Admin,105,1N
774,Dan,Ilie,Male,80,2023-03-17T00:20:41+0000,Admin,2023-03-17T00:20:41+0000,Admin,101,3V
775,Stefan,Preda,Male,74,2023-11-10T07:46:26+0000,Admin,2023-11-10T07:46:26+0000,Admin,101,4E
776,Mihai,Stan,Male,90,2023-01-19T08:04:17+0000,Admin,2023-01-19T08:04:17+0000,Admin,104,3V
777,Ioana,Stan,Female,83,2023-10-12T02:20:21+0000,Admin,2023-10-12T02:20:21+0000,Admin,103,2C
778,Mihaela,Preda,Female,25,2023-12-07T12:14:12+0000,Admin,2023-12-07T12:14:12+0000,Admin,105,4E
779,Alin,Popescu,Male,66,2023-02-15T00:54:03+0000,Admin,2023-02-15T00:54:03+0000,Admin,102,4E
780,Ion,Ionescu,Male,31,2023-06-22T04:38:31+0000,Admin,2023-06-22T04:38:31+0000,Admin,102,1N
781,Maria,Preda,Female,21,2023-04-18T11:53:31+0000,Admin,2023-04-18T11:53:31+0000,Admin,102,3V
782,Dan,Dumitru,Male,31,2023-12-19T13:13:58+0000,Admin,2023-12-19T13:13:58+0000,Admin,102,4E
783,George,Ilie,Male,57,2023-11-15T07:25:23+0000,Admin,2023-11-15T07:25:23+0000,Admin,104,2C
784,Mihai,Stan,Male,76,2023-10-26T14:09:06+0000,Admin,2023-10-26T14:09:06+0000,Admin,103,3V
785,Ioana,Nistor,Female,28,2023-08-26T22:55:40+0000,Admin,2023-08-26T22:55:40+0000,Admin,105,4E
786,Stefan,Ilie,Male,22,2023-06-18T20:24:09+0000,Admin,2023-06-18T20:24:09+0000,Admin,104,1N
787,Dan,Georgescu,Male,69,2023-12-02T10:22:49+0000,Admin,2023-12-02T10:22:49+0000,Admin,103,2C
788,Alin,Georgescu,Male,23,2023-01-25T01:47:39+0000,Admin,2023-01-25T01:47:39+0000,Admin,102,3V
789,Elena,Marian,Female,37,2023-05-29T09:52:03+0000,Admin,2023-05-29T09:52:03+0000,Admin,103,2C
790,Ana,Nistor,Female,48,2023-08-18T09:13:40+0000,Admin,2023-08-18T09:13:40+0000,Admin,104,2C
791,Andrei,Matei,Male,65,2023-01-10T10:52:43+0000,Admin,2023-01-10T10:52:43+0000,Admin,104,2C
792,Mihaela,Marian,Female,52,2023-11-08T08:31:40+0000,Admin,2023-11-08T08:31:40+0000,Admin,103,4E
793,Dan,Stan,Male,62,2023-10-04T04:48:19+0000,Admin,2023-10-04T04:48:19+0000,Admin,103,4E
794,Maria,Marian,Female,22,2023-01-16T04:46:31+0000,Admin,2023-01-16T04:46:31+0000,Admin,102,3V
795,Gabriela,Dumitru,Female,59,2023-11-15T05:26:52+0000,Admin,2023-11-15T05:26:52+0000,Admin,103,3V
796,Andrei,Marian,Male,48,2023-05-19T05:56:25+0000,Admin,2023-05-19T05:56:25+0000,Admin,104,4E
797,Alin,Marian,Male,90,2023-03-05T02:43:33+0000,Admin,2023-03-05T02:43:33+0000,Admin,105,2C
798,Maria,Ilie,Female,38,2023-08-02T13:59:15+0000,Admin,2023-08-02T13:59:15+0000,Admin,101,1N
799,Elena,Georgescu,Female,54,2023-02-14T19:37:03+0000,Admin,2023-02-14T19:37:03+0000,Admin,105,4E
800,Ioana,Georgescu,Female,51,2023-04-18T07:46:16+0000,Admin,2023-04-18T07:46:16+0000,Admin,104,3V
801,Dan,Stan,Male,40,2023-06-26T18:45:45+0000,Admin,2023-06-26T18:45:45+0000,Admin,103,3V
802,Stefan,Nistor,Male,76,2023-01-30T11:28:58+0000,Admin,2023-01-30T11:28:58+0000,Admin,103,1N
803,Florin,Dumitru,Male,42,2023-11-17T16:21:19+0000,Admin,2023-11-17T16:21:19+0000,Admin,105,1N
804,Bianca,Marian,Female,19,2023-07-26T03:41:55+0000,Admin,2023-07-26T03:41:55+0000,Admin,105,3V
805,Andrei,Nistor,Male,72,2023-05-31T19:04:59+0000,Admin,2023-05-31T19:04:59+0000,Admin,103,1N
806,Ion,Ilie,Male,27,2023-10-11T23:03:03+0000,Admin,2023-10-11T23:03:03+0000,Admin,105,1N
807,Dan,Popescu,Male,77,2023-11-19T08:17:38+0000,Admin,2023-11-19T08:17:38+0000,Admin,105,1N
808,Andrei,Ionescu,Male,41,2023-02-24T22:21:27+0000,Admin,2023-02-24T22:21:27+0000,Admin,105,1N
809,Andrei,Popescu,Male,45,2023-11-18T14:13:15+0000,Admin,2023-11-18T14:13:15+0000,Admin,101,1N
810,Carmen,Marian,Female,25,2023-09-29T00:15:01+0000,Admin,2023-09-29T00:15:01+0000,Admin,104,1N
811,Ioana,Preda,Female,36,2023-10-23T18:30:30+0000,Admin,2023-10-23T18:30:30+0000,Admin,105,1N
812,Elena,Dumitru,Female,21,2023-01-27T14:41:25+0000,Admin,2023-01-27T14:41:25+0000,Admin,103,4E
813,Florin,Matei,Male,83,2023-05-31T20:07:19+0000,Admin,2023-05-31T20:07:19+0000,Admin,101,3V
814,George,Marian,Male,72,2023-05-04T08:44:17+0000,Admin,2023-05-04T08:44:17+0000,Admin,105,4E
815,Alexandru,Nistor,Male,67,2023-09-27T12:08:47+0000,Admin,2023-09-27T12:08:47+0000,Admin,103,4E
816,Alin,Georgescu,Male,63,2023-10-30T21:44:22+0000,Admin,2023-10-30T21:44:22+0000,Admin,101,1N
817,Alin,Preda,Male,48,2023-05-14T23:39:56+0000,Admin,2023-05-14T23:39:56+0000,Admin,101,2C
818,Mihaela,Preda,Female,73,2023-09-03T01:40:09+0000,Admin,2023-09-03T01:40:09+0000,Admin,103,3V
819,Gabriela,Popescu,Female,33,2023-01-05T07:14:15+0000,Admin,2023-01-05T07:14:15+0000,Admin,102,3V
820,Roxana,Nistor,Female,88,2023-10-10T11:05:38+0000,Admin,2023-10-10T11:05:38+0000,Admin,103,4E
821,Radu,Georgescu,Male,79,2023-01-23T08:08:00+0000,Admin,2023-01-23T08:08:00+0000,Admin,101,1N
822,George,Nistor,Male,70,2023-09-06T16:55:40+0000,Admin,2023-09-06T16:55:40+0000,Admin,101,2C
823,Ion,Preda,Male,40,2023-03-19T12:41:04+0000,Admin,2023-03-19T12:41:04+0000,Admin,101,2C
824,Bianca,Ilie,Female,18,2023-06-17T17:24:58+0000,Admin,2023-06-17T17:24:58+0000,Admin,101,1N
825,Florin,Preda,Male,70,2023-03-29T14:07:55+0000,Admin,2023-03-29T14:07:55+0000,Admin,101,3V
826,Alin,Nistor,Male,69,2023-09-12T09:56:02+0000,Admin,2023-09-12T09:56:02+0000,Admin,105,3V
827,Stefan,Marian,Male,40,2023-10-12T05:20:53+0000,Admin,2023-10-12T05:20:53+0000,Admin,104,2C
828,Roxana,Stan,Female,26,2023-10-05T08:45:15+0000,Admin,2023-10-05T08:45:15+0000,Admin,103,2C
829,Carmen,Ionescu,Female,31,2023-11-29T02:14:09+0000,Admin,2023-11-29T02:14:09+0000,Admin,104,4E
830,Roxana,Ilie,Female,77,2023-07-26T13:36:29+0000,Admin,2023-07-26T13:36:29+0000,Admin,105,3V
831,Ioana,Ilie,Female,37,2023-05-13T02:31:28+0000,Admin,2023-05-13T02:31:28+0000,Admin,103,4E
832,Roxana,Ilie,Female,24,2023-08-19T14:49:37+0000,Admin,2023-08-19T14:49:37+0000,Admin,105,2C
833,Alin,Georgescu,Male,63,2023-11-03T15:22:10+0000,Admin,2023-11-03T15:22:10+0000,Admin,105,2C
834,Gabriela,Stan,Female,53,2023-11-19T13:41:05+0000,Admin,2023-11-19T13:41:05+0000,Admin,101,2C
835,Ion,Popescu,Male,63,2023-11-26T23:33:18+0000,Admin,2023-11-26T23:33:18+0000,Admin,101,2C
836,Ion,Marian,Male,21,2023-08-20T20:04:20+0000,Admin,2023-08-20T20:04:20+0000,Admin,105,2C
837,Bianca,Preda,Female,80,2023-02-23T05:03:26+0000,Admin,2023-02-23T05:03:26+0000,Admin,105,2C
838,Ion,Ionescu,Male,30,2023-07-10T01:44:15+0000,Admin,2023-07-10T01:44:15+0000,Admin,103,4E
839,Roxana,Dumitru,Female,62,2023-09-07T18:33:23+0000,Admin,2023-09-07T18:33:23+0000,Admin,103,1N
840,Mihai,Stan,Male,76,2023-10-01T21:03:04+0000,Admin,2023-10-01T21:03:04+0000,Admin,104,3V
841,Dan,Ilie,Male,45,2023-02-15T12:26:37+0000,Admin,2023-02-15T12:26:37+0000,Admin,105,4E
842,Gabriela,Ionescu,Female,52,2023-06-26T23:50:37+0000,Admin,2023-06-26T23:50:37+0000,Admin,102,3V
843,Mihaela,Popescu,Female,72,2023-10-08T07:14:23+0000,Admin,2023-10-08T07:14:23+0000,Admin,103,3V
844,Ioana,Georgescu,Female,36,2023-07-16T03:36:13+0000,Admin,2023-07-16T03:36:13+0000,Admin,105,4E
845,Maria,Ilie,Female,42,2023-08-20T13:28:56+0000,Admin,2023-08-20T13:28:56+0000,Admin,101,1N
846,Alexandru,Preda,Male,33,2023-09-08T11:33:31+0000,Admin,2023-09-08T11:33:31+0000,Admin,102,1N
847,Mihaela,Ilie,Female,75,2023-03-06T16:16:06+0000,Admin,2023-03-06T16:16:06+0000,Admin,104,3V
848,Ion,Dumitru,Male,83,2023-03-22T19:48:10+0000,Admin,2023-03-22T19:48:10+0000,Admin,101,4E
849,Ana,Stan,Female,41,2023-01-03T12:20:04+0000,Admin,2023-01-03T12:20:04+0000,Admin,102,3V
850,Andreea,Popescu,Female,68,2023-09-18T20:27:40+0000,Admin,2023-09-18T20:27:40+0000,Admin,101,2C
851,Ioana,Nistor,Female,59,2023-03-22T18:56:10+0000,Admin,2023-03-22T18:56:10+0000,Admin,103,3V
852,Stefan,Dumitru,Male,26,2023-12-05T08:53:38+0000,Admin,2023-12-05T08:53:38+0000,Admin,103,1N
853,Ion,Dumitru,Male,75,2023-07-15T11:05:47+0000,Admin,2023-07-15T11:05:47+0000,Admin,101,2C
854,Florin,Preda,Male,42,2023-10-28T04:40:32+0000,Admin,2023-10-28T04:40:32+0000,Admin,103,3V
855,Alin,Dumitru,Male,81,2023-06-23T14:17:41+0000,Admin,2023-06-23T14:17:41+0000,Admin,105,3V
856,Gabriela,Ilie,Female,76,2023-01-31T08:51:28+0000,Admin,2023-01-31T08:51:28+0000,Admin,104,2C
857,Bianca,Ilie,Female,38,2023-09-02T21:31:01+0000,Admin,2023-09-02T21:31:01+0000,Admin,102,2C
858,Carmen,Ilie,Female,30,2023-12-19T14:26:30+0000,Admin,2023-12-19T14:26:30+0000,Admin,103,2C
859,Andrei,Matei,Male,32,2023-06-10T22:52:06+0000,Admin,2023-06-10T22:52:06+0000,Admin,102,4E
860,Andrei,Nistor,Male,51,2023-09-10T00:07:14+0000,Admin,2023-09-10T00:07:14+0000,Admin,104,1N
861,George,Ilie,Male,40,2023-07-06T13:49:19+0000,Admin,2023-07-06T13:49:19+0000,Admin,103,3V
862,Florin,Marian,Male,36,2023-11-01T06:27:19+0000,Admin,2023-11-01T06:27:19+0000,Admin,102,3V
863,Roxana,Dumitru,Female,25,2023-08-24T21:31:02+0000,Admin,2023-08-24T21:31:02+0000,Admin,104,4E
864,George,Matei,Male,85,2023-12-26T18:12:00+0000,Admin,2023-12-26T18:12:00+0000,Admin,102,1N
865,Mihai,Nistor,Male,73,2023-05-30T02:20:57+0000,Admin,2023-05-30T02:20:57+0000,Admin,104,3V
866,George,Georgescu,Male,39,2023-08-18T12:43:49+0000,Admin,2023-08-18T12:43:49+0000,Admin,101,1N
867,Alin,Preda,Male,25,2023-07-05T02:34:14+0000,Admin,2023-07-05T02:34:14+0000,Admin,104,2C
868,Maria,Matei,Female,57,2023-11-06T19:40:56+0000,Admin,2023-11-06T19:40:56+0000,Admin,103,3V
869,Dan,Popescu,Male,40,2023-12-21T13:51:17+0000,Admin,2023-12-21T13:51:17+0000,Admin,105,3V
870,Stefan,Marian,Male,73,2023-08-05T01:49:39+0000,Admin,2023-08-05T01:49:39+0000,Admin,101,3V
871,Ion,Popescu,Male,32,2023-12-29T16:10:46+0000,Admin,2023-12-29T16:10:46+0000,Admin,102,2C
872,Roxana,Stan,Female,76,2023-02-27T19:05:38+0000,Admin,2023-02-27T19:05:38+0000,Admin,102,2C
873,Andrei,Marian,Male,56,2023-09-03T14:30:21+0000,Admin,2023-09-03T14:30:21+0000,Admin,103,1N
874,Carmen,Ilie,Female,69,2023-04-09T00:10:57+0000,Admin,2023-04-09T00:10:57+0000,Admin,103,4E
875,Carmen,Ionescu,Female,75,2023-01-30T21:16:40+0000,Admin,2023-01-30T21:16:40+0000,Admin,103,2C
876,Ioana,Marian,Female,34,2023-11-15T09:49:07+0000,Admin,2023-11-15T09:49:07+0000,Admin,105,2C
877,Andrei,Ionescu,Male,40,2023-06-08T17:19:52+0000,Admin,2023-06-08T17:19:52+0000,Admin,103,3V
878,Alexandru,Nistor,Male,41,2023-03-13T05:17:47+0000,Admin,2023-03-13T05:17:47+0000,Admin,104,3V
879,Gabriela,Dumitru,Female,57,2023-09-16T03:15:03+0000,Admin,2023-09-16T03:15:03+0000,Admin,101,3V
880,Ion,Marian,Male,58,2023-03-18T15:38:27+0000,Admin,2023-03-18T15:38:27+0000,Admin,104,4E
881,Alin,Ionescu,Male,71,2023-10-31T10:36:45+0000,Admin,2023-10-31T10:36:45+0000,Admin,103,3V
882,Andreea,Matei,Female,84,2023-12-06T11:58:57+0000,Admin,2023-12-06T11:58:57+0000,Admin,104,2C
883,Andrei,Matei,Male,32,2023-02-19T10:20:57+0000,Admin,2023-02-19T10:20:57+0000,Admin,102,1N
884,Carmen,Ilie,Female,80,2023-09-19T22:09:35+0000,Admin,2023-09-19T22:09:35+0000,Admin,102,3V
885,Andrei,Stan,Male,44,2023-06-11T00:33:36+0000,Admin,2023-06-11T00:33:36+0000,Admin,101,2C
886,Dan,Marian,Male,53,2023-06-28T06:17:02+0000,Admin,2023-06-28T06:17:02+0000,Admin,102,4E
887,Mihaela,Ionescu,Female,69,2023-06-03T23:19:31+0000,Admin,2023-06-03T23:19:31+0000,Admin,105,1N
888,Alexandru,Matei,Male,34,2023-07-09T21:52:36+0000,Admin,2023-07-09T21:52:36+0000,Admin,102,1N
889,Maria,Ilie,Female,74,2023-02-09T20:32:14+0000,Admin,2023-02-09T20:32:14+0000,Admin,101,2C
890,Gabriela,Matei,Female,44,2023-08-18T20:11:50+0000,Admin,2023-08-18T20:11:50+0000,Admin,104,4E
891,Ana,Preda,Female,46,2023-12-07T01:31:24+0000,Admin,2023-12-07T01:31:24+0000,Admin,104,4E
892,Roxana,Ilie,Female,55,2023-04-30T04:19:14+0000,Admin,2023-04-30T04:19:14+0000,Admin,105,3V
893,Dan,Ilie,Male,89,2023-10-13T16:08:27+0000,Admin,2023-10-13T16:08:27+0000,Admin,105,3V
894,Elena,Matei,Female,26,2023-03-01T20:50:06+0000,Admin,2023-03-01T20:50:06+0000,Admin,102,4E
895,Roxana,Nistor,Female,26,2023-07-17T14:33:46+0000,Admin,2023-07-17T14:33:46+0000,Admin,104,3V
896,Alexandru,Nistor,Male,85,2023-08-12T04:17:00+0000,Admin,2023-08-12T04:17:00+0000,Admin,104,4E
897,Andreea,Dumitru,Female,61,2023-04-10T09:19:30+0000,Admin,2023-04-10T09:19:30+0000,Admin,101,4E
898,Florin,Marian,Male,61,2023-09-03T02:35:24+0000,Admin,2023-09-03T02:35:24+0000,Admin,103,3V
899,Mihaela,Ionescu,Female,57,2023-12-17T19:55:22+0000,Admin,2023-12-17T19:55:22+0000,Admin,103,1N
900,Andreea,Matei,Female,86,2023-04-20T19:00:31+0000,Admin,2023-04-20T19:00:31+0000,Admin,101,1N
901,Dan,Marian,Male,23,2023-03-21T23:42:54+0000,Admin,2023-03-21T23:42:54+0000,Admin,105,3V
902,Roxana,Dumitru,Female,19,2023-12-03T04:55:08+0000,Admin,2023-12-03T04:55:08+0000,Admin,101,4E
903,Elena,Marian,Female,81,2023-12-09T16:12:29+0000,Admin,2023-12-09T16:12:29+0000,Admin,103,4E
904,Roxana,Ilie,Female,68,2023-05-20T10:45:08+0000,Admin,2023-05-20T10:45:08+0000,Admin,103,4E
905,Carmen,Ilie,Female,49,2023-10-19T20:21:08+0000,Admin,2023-10-19T20:21:08+0000,Admin,103,4E
906,Mihai,Stan,Male,81,2023-02-04T06:02:55+0000,Admin,2023-02-04T06:02:55+0000,Admin,104,2C
907,Roxana,Stan,Female,40,2023-11-06T20:18:22+0000,Admin,2023-11-06T20:18:22+0000,Admin,101,4E
908,George,Georgescu,Male,50,2023-09-16T06:06:09+0000,Admin,2023-09-16T06:06:09+0000,Admin,105,1N
909,Roxana,Stan,Female,47,2023-06-21T19:13:15+0000,Admin,2023-06-21T19:13:15+0000,Admin,102,3V
910,Florin,Stan,Male,38,2023-12-17T23:05:29+0000,Admin,2023-12-17T23:05:29+0000,Admin,104,1N
911,Andreea,Stan,Female,88,2023-09-25T11:52:28+0000,Admin,2023-09-25T11:52:28+0000,Admin,104,1N
912,Carmen,Stan,Female,79,2023-03-31T23:36:41+0000,Admin,2023-03-31T23:36:41+0000,Admin,104,2C
913,Alin,Georgescu,Male,84,2023-03-04T00:23:06+0000,Admin,2023-03-04T00:23:06+0000,Admin,105,2C
914,Ion,Ilie,Male,54,2023-10-26T12:18:54+0000,Admin,2023-10-26T12:18:54+0000,Admin,102,3V
915,Andrei,Dumitru,Male,61,2023-03-06T13:15:13+0000,Admin,2023-03-06T13:15:13+0000,Admin,102,3V
916,Ion,Dumitru,Male,78,2023-07-22T09:01:01+0000,Admin,2023-07-22T09:01:01+0000,Admin,103,3V
917,Ion,Ionescu,Male,82,2023-10-24T03:05:11+0000,Admin,2023-10-24T03:05:11+0000,Admin,104,4E
918,Mihai,Matei,Male,65,2023-08-15T15:46:37+0000,Admin,2023-08-15T15:46:37+0000,Admin,105,2C
919,Stefan,Matei,Male,51,2023-03-07T17:08:38+0000,Admin,2023-03-07T17:08:38+0000,Admin,103,1N
920,Florin,Matei,Male,68,2023-10-14T19:36:17+0000,Admin,2023-10-14T19:36:17+0000,Admin,103,3V
921,Stefan,Matei,Male,81,2023-06-18T23:33:46+0000,Admin,2023-06-18T23:33:46+0000,Admin,102,3V
922,Radu,Marian,Male,51,2023-02-26T20:52:14+0000,Admin,2023-02-26T20:52:14+0000,Admin,103,4E
923,Dan,Nistor,Male,32,2023-02-18T12:38:48+0000,Admin,2023-02-18T12:38:48+0000,Admin,104,3V
924,Dan,Ilie,Male,32,2023-11-15T21:41:48+0000,Admin,2023-11-15T21:41:48+0000,Admin,104,2C
925,Carmen,Stan,Female,34,2023-01-28T11:49:28+0000,Admin,2023-01-28T11:49:28+0000,Admin,104,3V
926,Roxana,Stan,Female,53,2023-08-27T01:04:20+0000,Admin,2023-08-27T01:04:20+0000,Admin,103,4E
927,George,Matei,Male,64,2023-05-20T02:35:31+0000,Admin,2023-05-20T02:35:31+0000,Admin,105,2C
928,Ioana,Ilie,Female,39,2023-02-12T09:40:35+0000,Admin,2023-02-12T09:40:35+0000,Admin,102,1N
929,Mihai,Georgescu,Male,73,2023-12-19T19:00:04+0000,Admin,2023-12-19T19:00:04+0000,Admin,104,4E
930,Maria,Georgescu,Female,29,2023-03-31T04:41:28+0000,Admin,2023-03-31T04:41:28+0000,Admin,102,1N
931,Alexandru,Ilie,Male,72,2023-11-26T13:45:20+0000,Admin,2023-11-26T13:45:20+0000,Admin,103,3V
932,Mihaela,Ilie,Female,80,2023-01-03T04:28:36+0000,Admin,2023-01-03T04:28:36+0000,Admin,103,2C
933,Elena,Georgescu,Female,88,2023-05-13T06:18:56+0000,Admin,2023-05-13T06:18:56+0000,Admin,102,4E
934,Maria,Georgescu,Female,82,2023-12-23T00:02:52+0000,Admin,2023-12-23T00:02:52+0000,Admin,101,3V
935,Gabriela,Dumitru,Female,56,2023-05-23T20:27:45+0000,Admin,2023-05-23T20:27:45+0000,Admin,104,1N
936,Ana,Dumitru,Female,85,2023-05-15T01:13:15+0000,Admin,2023-05-15T01:13:15+0000,Admin,103,3V
937,Andrei,Stan,Male,61,2023-05-10T07:31:18+0000,Admin,2023-05-10T07:31:18+0000,Admin,102,4E
938,Dan,Marian,Male,28,2023-03-11T14:07:51+0000,Admin,2023-03-11T14:07:51+0000,Admin,105,3V
939,Ion,Marian,Male,69,2023-06-09T18:50:19+0000,Admin,2023-06-09T18:50:19+0000,Admin,105,2C
940,Elena,Popescu,Female,45,2023-05-08T10:47:31+0000,Admin,2023-05-08T10:47:31+0000,Admin,102,3V
941,Stefan,Preda,Male,89,2023-08-06T11:50:12+0000,Admin,2023-08-06T11:50:12+0000,Admin,105,4E
942,Dan,Preda,Male,25,2023-05-08T17:12:14+0000,Admin,2023-05-08T17:12:14+0000,Admin,105,4E
943,Carmen,Stan,Female,84,2023-10-03T21:38:47+0000,Admin,2023-10-03T21:38:47+0000,Admin,102,1N
944,Stefan,Dumitru,Male,48,2023-08-07T02:44:57+0000,Admin,2023-08-07T02:44:57+0000,Admin,104,1N
945,Bianca,Popescu,Female,24,2023-08-31T17:28:12+0000,Admin,2023-08-31T17:28:12+0000,Admin,102,4E
946,Florin,Matei,Male,73,2023-08-12T10:45:29+0000,Admin,2023-08-12T10:45:29+0000,Admin,104,1N
947,George,Nistor,Male,45,2023-09-28T19:28:59+0000,Admin,2023-09-28T19:28:59+0000,Admin,104,2C
948,Carmen,Marian,Female,25,2023-02-05T19:36:12+0000,Admin,2023-02-05T19:36:12+0000,Admin,101,1N
949,Maria,Stan,Female,48,2023-02-24T14:00:26+0000,Admin,2023-02-24T14:00:26+0000,Admin,105,4E
950,Stefan,Georgescu,Male,63,2023-01-10T02:48:41+0000,Admin,2023-01-10T02:48:41+0000,Admin,103,2C
951,Gabriela,Dumitru,Female,28,2023-09-20T03:15:00+0000,Admin,2023-09-20T03:15:00+0000,Admin,103,2C
952,Alin,Preda,Male,72,2023-09-25T04:09:38+0000,Admin,2023-09-25T04:09:38+0000,Admin,103,4E
953,Bianca,Matei,Female,79,2023-10-04T06:05:11+0000,Admin,2023-10-04T06:05:11+0000,Admin,102,2C
954,Mihai,Dumitru,Male,51,2023-02-13T04:31:40+0000,Admin,2023-02-13T04:31:40+0000,Admin,103,4E
955,Alin,Ilie,Male,68,2023-11-24T05:08:41+0000,Admin,2023-11-24T05:08:41+0000,Admin,103,3V
956,Carmen,Dumitru,Female,67,2023-04-09T23:06:35+0000,Admin,2023-04-09T23:06:35+0000,Admin,103,4E
957,Andrei,Marian,Male,18,2023-10-14T21:48:44+0000,Admin,2023-10-14T21:48:44+0000,Admin,104,1N
958,Stefan,Ionescu,Male,27,2023-01-17T08:22:56+0000,Admin,2023-01-17T08:22:56+0000,Admin,105,1N
959,Elena,Ilie,Female,38,2023-05-07T23:39:30+0000,Admin,2023-05-07T23:39:30+0000,Admin,102,1N
960,Maria,Ionescu,Female,27,2023-11-23T03:21:37+0000,Admin,2023-11-23T03:21:37+0000,Admin,102,2C
961,Florin,Matei,Male,68,2023-11-20T00:08:57+0000,Admin,2023-11-20T00:08:57+0000,Admin,105,1N
962,Ion,Dumitru,Male,77,2023-02-16T05:46:28+0000,Admin,2023-02-16T05:46:28+0000,Admin,104,1N
963,Elena,Matei,Female,85,2023-01-01T04:08:15+0000,Admin,2023-01-01T04:08:15+0000,Admin,103,3V
964,Mihai,Ilie,Male,84,2023-04-25T05:01:51+0000,Admin,2023-04-25T05:01:51+0000,Admin,102,3V
965,Alexandru,Nistor,Male,83,2023-03-11T01:07:01+0000,Admin,2023-03-11T01:07:01+0000,Admin,101,1N
966,George,Ilie,Male,23,2023-07-16T02:18:47+0000,Admin,2023-07-16T02:18:47+0000,Admin,105,1N
967,Carmen,Stan,Female,36,2023-06-18T05:09:19+0000,Admin,2023-06-18T05:09:19+0000,Admin,103,3V
968,Ion,Ionescu,Male,88,2023-01-26T16:32:30+0000,Admin,2023-01-26T16:32:30+0000,Admin,101,2C
969,Maria,Dumitru,Female,48,2023-05-17T17:14:05+0000,Admin,2023-05-17T17:14:05+0000,Admin,105,4E
970,Gabriela,Stan,Female,88,2023-12-13T02:03:10+0000,Admin,2023-12-13T02:03:10+0000,Admin,104,3V
971,Dan,Popescu,Male,66,2023-03-21T01:17:40+0000,Admin,2023-03-21T01:17:40+0000,Admin,104,1N
972,Dan,Popescu,Male,89,2023-11-02T03:31:18+0000,Admin,2023-11-02T03:31:18+0000,Admin,104,2C
973,Bianca,Nistor,Female,90,2023-09-27T06:55:25+0000,Admin,2023-09-27T06:55:25+0000,Admin,102,3V
974,Elena,Nistor,Female,71,2023-08-14T14:13:22+0000,Admin,2023-08-14T14:13:22+0000,Admin,105,2C
975,Andreea,Marian,Female,67,2023-10-09T01:21:00+0000,Admin,2023-10-09T01:21:00+0000,Admin,101,2C
976,Alexandru,Ionescu,Male,51,2023-12-07T07:31:59+0000,Admin,2023-12-07T07:31:59+0000,Admin,104,1N
977,Bianca,Preda,Female,37,2023-08-07T23:40:01+0000,Admin,2023-08-07T23:40:01+0000,Admin,104,2C
978,Stefan,Preda,Male,82,2023-03-25T10:28:40+0000,Admin,2023-03-25T10:28:40+0000,Admin,101,2C
979,George,Matei,Male,83,2023-04-04T07:04:15+0000,Admin,2023-04-04T07:04:15+0000,Admin,103,4E
980,Roxana,Nistor,Female,42,2023-01-31T04:34:52+0000,Admin,2023-01-31T04:34:52+0000,Admin,102,1N
981,Gabriela,Stan,Female,60,2023-07-31T02:59:55+0000,Admin,2023-07-31T02:59:55+0000,Admin,102,4E
982,Mihaela,Matei,Female,42,2023-06-23T07:43:21+0000,Admin,2023-06-23T07:43:21+0000,Admin,102,2C
983,Mihaela,Dumitru,Female,74,2023-07-05T11:26:48+0000,Admin,2023-07-05T11:26:48+0000,Admin,102,2C
984,Roxana,Popescu,Female,86,2023-08-16T01:34:02+0000,Admin,2023-08-16T01:34:02+0000,Admin,101,2C
985,Gabriela,Ilie,Female,89,2023-06-19T01:00:27+0000,Admin,2023-06-19T01:00:27+0000,Admin,101,3V
986,Elena,Matei,Female,69,2023-07-16T19:24:04+0000,Admin,2023-07-16T19:24:04+0000,Admin,103,2C
987,Mihaela,Stan,Female,44,2023-09-06T02:43:10+0000,Admin,2023-09-06T02:43:10+0000,Admin,101,3V
988,Mihaela,Dumitru,Female,46,2023-11-04T04:21:05+0000,Admin,2023-11-04T04:21:05+0000,Admin,104,1N
989,Radu,Marian,Male,79,2023-09-27T18:26:53+0000,Admin,2023-09-27T18:26:53+0000,Admin,102,1N
990,Ioana,Dumitru,Female,18,2023-06-25T15:36:22+0000,Admin,2023-06-25T15:36:22+0000,Admin,105,2C
991,Gabriela,Dumitru,Female,36,2023-07-11T11:34:28+0000,Admin,2023-07-11T11:34:28+0000,Admin,103,4E
992,Stefan,Marian,Male,51,2023-05-21T17:22:47+0000,Admin,2023-05-21T17:22:47+0000,Admin,105,1N
993,Florin,Marian,Male,48,2023-10-18T20:32:47+0000,Admin,2023-10-18T20:32:47+0000,Admin,104,3V
994,Mihai,Preda,Male,81,2023-12-29T19:14:07+0000,Admin,2023-12-29T19:14:07+0000,Admin,105,2C
995,Elena,Ilie,Female,81,2023-11-07T20:42:37+0000,Admin,2023-11-07T20:42:37+0000,Admin,105,4E
996,Stefan,Ilie,Male,70,2023-12-09T21:04:45+0000,Admin,2023-12-09T21:04:45+0000,Admin,105,4E
997,Andrei,Popescu,Male,41,2023-07-18T16:53:47+0000,Admin,2023-07-18T16:53:47+0000,Admin,101,2C
998,Ana,Dumitru,Female,26,2023-07-23T10:21:06+0000,Admin,2023-07-23T10:21:06+0000,Admin,101,2C
999,Stefan,Ionescu,Male,70,2023-08-20T18:45:48+0000,Admin,2023-08-20T18:45:48+0000,Admin,105,1N
1000,Dan,Preda,Male,26,2023-02-02T10:16:55+0000,Admin,2023-02-02T10:16:55+0000,Admin,104,2C
